reference_id,source_track_id,source_relative_path,work_title,creator,license_family,license_url,reason
001,1157360,audio/60/1157360.2min.mp3,Love You Don't Go (Dubstep version),JekK,CC BY-NC-ND,http://creativecommons.org/licenses/by-nc-nd/3.0/,excluded because the source license prohibits derivative works
016,862390,audio/90/862390.2min.mp3,Morning traffic,Libra Makowski,CC BY-NC-ND,http://creativecommons.org/licenses/by-nc-nd/3.0/,excluded because the source license prohibits derivative works
018,191044,audio/44/191044.2min.mp3,Angels Voice,Traffic In My Head,CC BY-NC-ND,http://creativecommons.org/licenses/by-nc-nd/3.0/,excluded because the source license prohibits derivative works
020,1334807,audio/07/1334807.2min.mp3,Way to Success,ADDICT SOUND,CC BY-NC-ND,http://creativecommons.org/licenses/by-nc-nd/3.0/,excluded because the source license prohibits derivative works
028,94725,audio/25/94725.2min.mp3,tasteless ,Fresh Body Shop,CC BY-NC-ND,http://creativecommons.org/licenses/by-nc-nd/3.0/,excluded because the source license prohibits derivative works
030,260844,audio/44/260844.2min.mp3,When Dazie Mae Makes Love,Dazie Mae,CC BY-NC-ND,http://creativecommons.org/licenses/by-nc-nd/3.0/,excluded because the source license prohibits derivative works
038,1011643,audio/43/1011643.2min.mp3,Daily Routine,Kingston Blues,CC BY-NC-ND,http://creativecommons.org/licenses/by-nc-nd/3.0/,excluded because the source license prohibits derivative works
050,457078,audio/78/457078.2min.mp3,Drink Beer (Till The Day That I Die),Dazie Mae,CC BY-NC-ND,http://creativecommons.org/licenses/by-nc-nd/3.0/,excluded because the source license prohibits derivative works
055,741324,audio/24/741324.2min.mp3,Mr Sunday ,Fresh Body Shop,CC BY-NC-ND,http://creativecommons.org/licenses/by-nc-nd/3.0/,excluded because the source license prohibits derivative works
061,1093793,audio/93/1093793.2min.mp3,Love you Don't go,JekK,CC BY-NC-ND,http://creativecommons.org/licenses/by-nc-nd/3.0/,excluded because the source license prohibits derivative works
066,1386744,audio/44/1386744.2min.mp3,Sunflower,Steve Raphael,CC BY-NC-ND,http://creativecommons.org/licenses/by-nc-nd/3.0/,excluded because the source license prohibits derivative works
075,1036934,audio/34/1036934.2min.mp3,Rainbow Stone,Fresh Body Shop,CC BY-NC-ND,http://creativecommons.org/licenses/by-nc-nd/3.0/,excluded because the source license prohibits derivative works
077,1143152,audio/52/1143152.2min.mp3,Notas Sueltas I (Tristeza),Dave Imbernön,CC BY-NC-ND,http://creativecommons.org/licenses/by-nc-nd/3.0/,excluded because the source license prohibits derivative works
078,1135703,audio/03/1135703.2min.mp3,Surfing On Gasoline,Fresh Body Shop,CC BY-NC-ND,http://creativecommons.org/licenses/by-nc-nd/3.0/,excluded because the source license prohibits derivative works
088,133600,audio/00/133600.2min.mp3,The Cost Of A Dream,Fresh Body Shop,CC BY-NC-ND,http://creativecommons.org/licenses/by-nc-nd/3.0/,excluded because the source license prohibits derivative works
092,260841,audio/41/260841.2min.mp3,My Pussy Cat,Dazie Mae,CC BY-NC-ND,http://creativecommons.org/licenses/by-nc-nd/3.0/,excluded because the source license prohibits derivative works
097,1209452,audio/52/1209452.2min.mp3,Happy whistling(advertising),ADDICT SOUND,CC BY-NC-ND,http://creativecommons.org/licenses/by-nc-nd/3.0/,excluded because the source license prohibits derivative works
098,238099,audio/99/238099.2min.mp3,Rigel,JT Bruce,CC BY-NC-ND,http://creativecommons.org/licenses/by-nc-nd/3.0/,excluded because the source license prohibits derivative works
099,1180633,audio/33/1180633.2min.mp3,Trap,Cartel,CC BY-ND,http://creativecommons.org/licenses/by-nd/3.0/,excluded because the source license prohibits derivative works
101,1068671,audio/71/1068671.2min.mp3,Rain in my Heart (Pianochocolate Remix),Pianochocolate,CC BY-NC-ND,http://creativecommons.org/licenses/by-nc-nd/3.0/,excluded because the source license prohibits derivative works
104,24560,audio/60/24560.2min.mp3,Massed Voices of the Robot Choir of the Mid West,osaeris,CC BY-ND,http://creativecommons.org/licenses/by-nd/2.5/,excluded because the source license prohibits derivative works
107,1173652,audio/52/1173652.2min.mp3,A Wonderful Story,Esther Garcia,CC BY-NC-ND,http://creativecommons.org/licenses/by-nc-nd/3.0/,excluded because the source license prohibits derivative works
111,592180,audio/80/592180.2min.mp3,Winter Dreams,Vladimir Sterzer,CC BY-NC-ND,http://creativecommons.org/licenses/by-nc-nd/2.0/de/,excluded because the source license prohibits derivative works
112,1367174,audio/74/1367174.2min.mp3,Spirit Tracks,Grace Valhalla,CC BY-NC-ND,http://creativecommons.org/licenses/by-nc-nd/3.0/,excluded because the source license prohibits derivative works
114,1068668,audio/68/1068668.2min.mp3,Atlantis,Pianochocolate,CC BY-NC-ND,http://creativecommons.org/licenses/by-nc-nd/3.0/,excluded because the source license prohibits derivative works
115,1036435,audio/35/1036435.2min.mp3,FLIGHT,Sweet Play,CC BY-NC-ND,http://creativecommons.org/licenses/by-nc-nd/3.0/,excluded because the source license prohibits derivative works
120,415600,audio/00/415600.2min.mp3,Ska One,HiGhMaS,CC BY-NC-ND,http://creativecommons.org/licenses/by-nc-nd/2.0/fr/,excluded because the source license prohibits derivative works
123,1318704,audio/04/1318704.2min.mp3,A good day!,ADDICT SOUND,CC BY-NC-ND,http://creativecommons.org/licenses/by-nc-nd/3.0/,excluded because the source license prohibits derivative works
126,1294741,audio/41/1294741.2min.mp3,My Own Fantasy,Fresh Body Shop,CC BY-NC-ND,http://creativecommons.org/licenses/by-nc-nd/3.0/,excluded because the source license prohibits derivative works
127,25562,audio/62/25562.2min.mp3,Space Farmer,Cool Cavemen,CC BY-NC-ND,http://creativecommons.org/licenses/by-nc-nd/3.0/,excluded because the source license prohibits derivative works
129,46046,audio/46/46046.2min.mp3,Number Two,Traffic In My Head,CC BY-NC-ND,http://creativecommons.org/licenses/by-nc-nd/3.0/,excluded because the source license prohibits derivative works
131,1061369,audio/69/1061369.2min.mp3,Don't Care Anymore,Fresh Body Shop,CC BY-NC-ND,http://creativecommons.org/licenses/by-nc-nd/3.0/,excluded because the source license prohibits derivative works
138,1294747,audio/47/1294747.2min.mp3,Last Day,Fresh Body Shop,CC BY-NC-ND,http://creativecommons.org/licenses/by-nc-nd/3.0/,excluded because the source license prohibits derivative works
141,1307838,audio/38/1307838.2min.mp3,Rocking Out,The Dada Weatherman,CC BY-NC-ND,http://creativecommons.org/licenses/by-nc-nd/3.0/,excluded because the source license prohibits derivative works
144,741317,audio/17/741317.2min.mp3,Bring Me Down,Fresh Body Shop,CC BY-NC-ND,http://creativecommons.org/licenses/by-nc-nd/3.0/,excluded because the source license prohibits derivative works
147,1393140,audio/40/1393140.2min.mp3,Am Weihnachtsbaum die Lichter brennen  (Christmas traditional),Steve Raphael,CC BY-NC-ND,http://creativecommons.org/licenses/by-nc-nd/3.0/,excluded because the source license prohibits derivative works
150,1143153,audio/53/1143153.2min.mp3,Tu,Dave Imbernön,CC BY-NC-ND,http://creativecommons.org/licenses/by-nc-nd/3.0/,excluded because the source license prohibits derivative works
152,1115108,audio/08/1115108.2min.mp3,The InBetween (prod.Anitek){feat.ElleRose},Tab,CC BY-NC-ND,http://creativecommons.org/licenses/by-nc-nd/3.0/,excluded because the source license prohibits derivative works
157,1267288,audio/88/1267288.2min.mp3,Everything is good,ADDICT SOUND,CC BY-NC-ND,http://creativecommons.org/licenses/by-nc-nd/3.0/,excluded because the source license prohibits derivative works
160,700220,audio/20/700220.2min.mp3,Jean Honeymoon - Bang Bang (Pianochocolate Remix),Pianochocolate,CC BY-NC-ND,http://creativecommons.org/licenses/by-nc-nd/3.0/,excluded because the source license prohibits derivative works
162,364090,audio/90/364090.2min.mp3,Never End Up Like This,Fresh Body Shop,CC BY-NC-ND,http://creativecommons.org/licenses/by-nc-nd/3.0/,excluded because the source license prohibits derivative works
165,95413,audio/13/95413.2min.mp3,Fusion,Cool Cavemen,CC BY-NC-ND,http://creativecommons.org/licenses/by-nc-nd/3.0/,excluded because the source license prohibits derivative works
167,1304475,audio/75/1304475.2min.mp3,Hurricane,Fourteen Steps To Hell,CC BY-ND,http://creativecommons.org/licenses/by-nd/3.0/,excluded because the source license prohibits derivative works
168,1241778,audio/78/1241778.2min.mp3,Funky Drive,Stanislav Maksymov,CC BY-NC-ND,http://creativecommons.org/licenses/by-nc-nd/3.0/,excluded because the source license prohibits derivative works
173,457119,audio/19/457119.2min.mp3,Miss she Spends,Dazie Mae,CC BY-NC-ND,http://creativecommons.org/licenses/by-nc-nd/3.0/,excluded because the source license prohibits derivative works
174,793923,audio/23/793923.2min.mp3,Dancing Dolphins,Pianochocolate,CC BY-NC-ND,http://creativecommons.org/licenses/by-nc-nd/3.0/,excluded because the source license prohibits derivative works
175,66942,audio/42/66942.2min.mp3,words of happiness,Fresh Body Shop,CC BY-NC-ND,http://creativecommons.org/licenses/by-nc-nd/3.0/,excluded because the source license prohibits derivative works
176,1211601,audio/01/1211601.2min.mp3,Breathe,Joshua Ticsay,CC BY-NC-ND,http://creativecommons.org/licenses/by-nc-nd/3.0/,excluded because the source license prohibits derivative works
184,1294740,audio/40/1294740.2min.mp3,White Silk Toga,Fresh Body Shop,CC BY-NC-ND,http://creativecommons.org/licenses/by-nc-nd/3.0/,excluded because the source license prohibits derivative works
185,48719,audio/19/48719.2min.mp3,Pantin des cendres,Tom La Meche,CC BY-NC-ND,http://creativecommons.org/licenses/by-nc-nd/3.0/,excluded because the source license prohibits derivative works
186,259288,audio/88/259288.2min.mp3,Wearing Out,Katherine,CC BY-NC-ND,http://creativecommons.org/licenses/by-nc-nd/3.0/,excluded because the source license prohibits derivative works
191,1143012,audio/12/1143012.2min.mp3,The sun gives (remastered edition),ADDICT SOUND,CC BY-NC-ND,http://creativecommons.org/licenses/by-nc-nd/2.0/fr/,excluded because the source license prohibits derivative works
192,1157358,audio/58/1157358.2min.mp3,You and Me,JekK,CC BY-NC-ND,http://creativecommons.org/licenses/by-nc-nd/3.0/,excluded because the source license prohibits derivative works
194,1061473,audio/73/1061473.2min.mp3,Director's Cut (instrumental),Fresh Body Shop,CC BY-NC-ND,http://creativecommons.org/licenses/by-nc-nd/3.0/,excluded because the source license prohibits derivative works
197,187621,audio/21/187621.2min.mp3,La ultima suerte,Chewbaska,CC BY-NC-ND,http://creativecommons.org/licenses/by-nc-nd/3.0/,excluded because the source license prohibits derivative works
198,24017,audio/17/24017.2min.mp3,A smile on your face,Cyborgjeff,CC BY-NC-ND,http://creativecommons.org/licenses/by-nc-nd/2.5/,excluded because the source license prohibits derivative works
199,1306909,audio/09/1306909.2min.mp3,Set of Guitar Sounds,Alex Che,CC BY-NC,http://creativecommons.org/licenses/by-nc/3.0/,insufficient usable audio for three non-overlapping 10-second excerpts
206,1004034,audio/34/1004034.2min.mp3,Hit the beat (radio mix),Danubio Rodriguez,CC BY-NC-ND,http://creativecommons.org/licenses/by-nc-nd/3.0/,excluded because the source license prohibits derivative works
207,1408401,audio/01/1408401.2min.mp3,Lullaby For Phil,Alexey Baranov,CC BY-NC-ND,http://creativecommons.org/licenses/by-nc-nd/3.0/,excluded because the source license prohibits derivative works
209,177570,audio/70/177570.2min.mp3,Disco High,UltraCat,CC BY-NC-ND,http://creativecommons.org/licenses/by-nc-nd/3.0/,excluded because the source license prohibits derivative works
211,547723,audio/23/547723.2min.mp3,Popsa Nova,Igor Aleksandriuk (Игорь Александрюк),CC BY-NC-ND,http://creativecommons.org/licenses/by-nc-nd/3.0/,excluded because the source license prohibits derivative works
212,913321,audio/21/913321.2min.mp3,Weird Sunday ,Fresh Body Shop,CC BY-NC-ND,http://creativecommons.org/licenses/by-nc-nd/3.0/,excluded because the source license prohibits derivative works
215,654631,audio/31/654631.2min.mp3,Listen To the Cave Water,Alexandr Ossipov production music,CC BY-ND,http://creativecommons.org/licenses/by-nd/3.0/,excluded because the source license prohibits derivative works
216,415605,audio/05/415605.2min.mp3,Negative Sound,HiGhMaS,CC BY-NC-ND,http://creativecommons.org/licenses/by-nc-nd/2.0/fr/,excluded because the source license prohibits derivative works
221,1296596,audio/96/1296596.2min.mp3,inlove,Dave Imbernön,CC BY-NC-ND,http://creativecommons.org/licenses/by-nc-nd/3.0/,excluded because the source license prohibits derivative works
222,428529,audio/29/428529.2min.mp3,To my brothers,Gustavo Crochenci,CC BY-NC-ND,http://creativecommons.org/licenses/by-nc-nd/3.0/,excluded because the source license prohibits derivative works
224,1211605,audio/05/1211605.2min.mp3,If I Could Just,Joshua Ticsay,CC BY-NC-ND,http://creativecommons.org/licenses/by-nc-nd/3.0/,excluded because the source license prohibits derivative works
225,171574,audio/74/171574.2min.mp3,One Nice Thing Once a Day,UltraCat,CC BY-NC-ND,http://creativecommons.org/licenses/by-nc-nd/3.0/,excluded because the source license prohibits derivative works
227,1009673,audio/73/1009673.2min.mp3,Endless Hours,Fresh Body Shop,CC BY-NC-ND,http://creativecommons.org/licenses/by-nc-nd/3.0/,excluded because the source license prohibits derivative works
229,359656,audio/56/359656.2min.mp3,"Nocturne in B major, Op. 62 No. 1",Roberto Poli,CC BY-NC-ND,http://creativecommons.org/licenses/by-nc-nd/3.0/,excluded because the source license prohibits derivative works
232,1296198,audio/98/1296198.2min.mp3,Believe in your success,ADDICT SOUND,CC BY-NC-ND,http://creativecommons.org/licenses/by-nc-nd/3.0/,excluded because the source license prohibits derivative works
234,66945,audio/45/66945.2min.mp3,fluid,Fresh Body Shop,CC BY-NC-ND,http://creativecommons.org/licenses/by-nc-nd/3.0/,excluded because the source license prohibits derivative works
236,132870,audio/70/132870.2min.mp3,Who is this man,EIVISSA SALINAS feat. DJ HSERES,CC BY-NC-ND,http://creativecommons.org/licenses/by-nc-nd/3.0/,excluded because the source license prohibits derivative works
238,15171,audio/71/15171.2min.mp3,jenny,Grace Valhalla,CC BY-NC-ND,http://creativecommons.org/licenses/by-nc-nd/2.5/,excluded because the source license prohibits derivative works
239,359659,audio/59/359659.2min.mp3,"Prelude in c sharp minor, Op. 45",Roberto Poli,CC BY-NC-ND,http://creativecommons.org/licenses/by-nc-nd/3.0/,excluded because the source license prohibits derivative works
242,1135707,audio/07/1135707.2min.mp3,Twister Illusion,Fresh Body Shop,CC BY-NC-ND,http://creativecommons.org/licenses/by-nc-nd/3.0/,excluded because the source license prohibits derivative works
245,1211606,audio/06/1211606.2min.mp3,Change Of Seasons,Joshua Ticsay,CC BY-NC-ND,http://creativecommons.org/licenses/by-nc-nd/3.0/,excluded because the source license prohibits derivative works
247,1235608,audio/08/1235608.2min.mp3,todo va bien,Gustavo Crochenci,CC BY-NC-ND,http://creativecommons.org/licenses/by-nc-nd/3.0/,excluded because the source license prohibits derivative works
257,171573,audio/73/171573.2min.mp3,Unexpected Little Happenings,UltraCat,CC BY-NC-ND,http://creativecommons.org/licenses/by-nc-nd/3.0/,excluded because the source license prohibits derivative works
260,1254633,audio/33/1254633.2min.mp3,By Your Side,Color Out,CC BY-ND,http://creativecommons.org/licenses/by-nd/3.0/,excluded because the source license prohibits derivative works
266,1210719,audio/19/1210719.2min.mp3,Rainbow Stone - Remix (instrumental),Fresh Body Shop,CC BY-NC-ND,http://creativecommons.org/licenses/by-nc-nd/3.0/,excluded because the source license prohibits derivative works
272,1294750,audio/50/1294750.2min.mp3,Stainless Steel Machine,Fresh Body Shop,CC BY-NC-ND,http://creativecommons.org/licenses/by-nc-nd/3.0/,excluded because the source license prohibits derivative works
274,959153,audio/53/959153.2min.mp3,First Tear,Dave Imbernön,CC BY-NC-ND,http://creativecommons.org/licenses/by-nc-nd/3.0/,excluded because the source license prohibits derivative works
277,415596,audio/96/415596.2min.mp3,Since our Childout (Feat Diazel),HiGhMaS,CC BY-NC-ND,http://creativecommons.org/licenses/by-nc-nd/2.0/fr/,excluded because the source license prohibits derivative works
278,1406830,audio/30/1406830.2min.mp3,Hopes,Sweet Play,CC BY-NC-ND,http://creativecommons.org/licenses/by-nc-nd/3.0/,excluded because the source license prohibits derivative works
282,1307834,audio/34/1307834.2min.mp3,Free Your Mind,The Dada Weatherman,CC BY-NC-ND,http://creativecommons.org/licenses/by-nc-nd/3.0/,excluded because the source license prohibits derivative works
293,48721,audio/21/48721.2min.mp3,5 mai à 17h,Tom La Meche,CC BY-NC-ND,http://creativecommons.org/licenses/by-nc-nd/3.0/,excluded because the source license prohibits derivative works
296,1166680,audio/80/1166680.2min.mp3,ld creation,OST,CC BY-NC-ND,http://creativecommons.org/licenses/by-nc-nd/3.0/,excluded because the source license prohibits derivative works
298,14343,audio/43/14343.2min.mp3,Ahora te lamentas,LA CAJA NEGRA,CC BY-NC-ND,http://creativecommons.org/licenses/by-nc-nd/2.5/,excluded because the source license prohibits derivative works
315,1093794,audio/94/1093794.2min.mp3,Five O'Clock,JekK,CC BY-NC-ND,http://creativecommons.org/licenses/by-nc-nd/3.0/,excluded because the source license prohibits derivative works
323,1009671,audio/71/1009671.2min.mp3,Wizard,Fresh Body Shop,CC BY-NC-ND,http://creativecommons.org/licenses/by-nc-nd/3.0/,excluded because the source license prohibits derivative works
325,1116697,audio/97/1116697.2min.mp3,Deep Is My House,The Clone Dj,CC BY-ND,http://creativecommons.org/licenses/by-nd/3.0/,excluded because the source license prohibits derivative works
326,1119403,audio/03/1119403.2min.mp3,forward 2,OST,CC BY-NC-ND,http://creativecommons.org/licenses/by-nc-nd/3.0/,excluded because the source license prohibits derivative works
329,1331791,audio/91/1331791.2min.mp3,Analemma,Pianochocolate,CC BY-NC-ND,http://creativecommons.org/licenses/by-nc-nd/3.0/,excluded because the source license prohibits derivative works
331,457127,audio/27/457127.2min.mp3,Call me Dazie Mae,Dazie Mae,CC BY-NC-ND,http://creativecommons.org/licenses/by-nc-nd/3.0/,excluded because the source license prohibits derivative works
333,33323,audio/23/33323.2min.mp3,Over and Over,Traffic In My Head,CC BY-NC-ND,http://creativecommons.org/licenses/by-nc-nd/3.0/,excluded because the source license prohibits derivative works
334,1210714,audio/14/1210714.2min.mp3,Fireballs (instrumental),Fresh Body Shop,CC BY-NC-ND,http://creativecommons.org/licenses/by-nc-nd/3.0/,excluded because the source license prohibits derivative works
341,1402657,audio/57/1402657.2min.mp3,"In the Hall of the Mountain King, Peer Gynt, Op. 46 (Edvard Grieg)",Esther Garcia,CC BY-NC-ND,http://creativecommons.org/licenses/by-nc-nd/3.0/,excluded because the source license prohibits derivative works
346,132868,audio/68/132868.2min.mp3,Intro - jazzy Hallo,EIVISSA SALINAS feat. DJ HSERES,CC BY-NC-ND,http://creativecommons.org/licenses/by-nc-nd/3.0/,excluded because the source license prohibits derivative works
347,24018,audio/18/24018.2min.mp3,No more virus in heaven,Cyborgjeff,CC BY-NC-ND,http://creativecommons.org/licenses/by-nc-nd/2.5/,excluded because the source license prohibits derivative works
348,15164,audio/64/15164.2min.mp3,burn,Grace Valhalla,CC BY-NC-ND,http://creativecommons.org/licenses/by-nc-nd/2.5/,excluded because the source license prohibits derivative works
351,359653,audio/53/359653.2min.mp3,"Mazurka in c sharp minor, Op. 63 No. 3",Roberto Poli,CC BY-NC-ND,http://creativecommons.org/licenses/by-nc-nd/3.0/,excluded because the source license prohibits derivative works
352,73149,audio/49/73149.2min.mp3,the middle line,Fresh Body Shop,CC BY-NC-ND,http://creativecommons.org/licenses/by-nc-nd/3.0/,excluded because the source license prohibits derivative works
353,359655,audio/55/359655.2min.mp3,"Barcarolle in f sharp major, Op. 60",Roberto Poli,CC BY-NC-ND,http://creativecommons.org/licenses/by-nc-nd/3.0/,excluded because the source license prohibits derivative works
354,1180599,audio/99/1180599.2min.mp3,Destroyer,Cartel,CC BY-ND,http://creativecommons.org/licenses/by-nd/3.0/,excluded because the source license prohibits derivative works
357,25249,audio/49/25249.2min.mp3,Tension,Celestial Aeon Project,CC BY-NC-ND,http://creativecommons.org/licenses/by-nc-nd/3.0/,excluded because the source license prohibits derivative works
365,592188,audio/88/592188.2min.mp3,White City,Vladimir Sterzer,CC BY-NC-ND,http://creativecommons.org/licenses/by-nc-nd/2.0/de/,excluded because the source license prohibits derivative works
366,1210700,audio/00/1210700.2min.mp3,Wizard,Fresh Body Shop,CC BY-NC-ND,http://creativecommons.org/licenses/by-nc-nd/3.0/,excluded because the source license prohibits derivative works
373,364840,audio/40/364840.2min.mp3,Give Me The Bass,WEXIN,CC BY-NC-ND,http://creativecommons.org/licenses/by-nc-nd/2.0/fr/,excluded because the source license prohibits derivative works
377,1061384,audio/84/1061384.2min.mp3,Wizard (instrumental),Fresh Body Shop,CC BY-NC-ND,http://creativecommons.org/licenses/by-nc-nd/3.0/,excluded because the source license prohibits derivative works
379,352691,audio/91/352691.2min.mp3,Emotion 4/4 106,Vladimir Sterzer,CC BY-NC-ND,http://creativecommons.org/licenses/by-nc-nd/2.0/de/,excluded because the source license prohibits derivative works
385,352694,audio/94/352694.2min.mp3,February 12/8 155,Vladimir Sterzer,CC BY-NC-ND,http://creativecommons.org/licenses/by-nc-nd/2.0/de/,excluded because the source license prohibits derivative works
387,25559,audio/59/25559.2min.mp3,Morning Fog over the Troubled Waters of my Awakening Mind,Cool Cavemen,CC BY-NC-ND,http://creativecommons.org/licenses/by-nc-nd/3.0/,excluded because the source license prohibits derivative works
394,329515,audio/15/329515.2min.mp3,Move 2 The Beat,WEXIN,CC BY-NC-ND,http://creativecommons.org/licenses/by-nc-nd/2.0/fr/,excluded because the source license prohibits derivative works
396,260839,audio/39/260839.2min.mp3,Drink (till the day that i die),Dazie Mae,CC BY-NC-ND,http://creativecommons.org/licenses/by-nc-nd/3.0/,excluded because the source license prohibits derivative works
397,1254636,audio/36/1254636.2min.mp3,Pretense,Color Out,CC BY-ND,http://creativecommons.org/licenses/by-nd/3.0/,excluded because the source license prohibits derivative works
398,1266727,audio/27/1266727.2min.mp3,Astrix- Type 1 (DiSimos Bootleg Remix),PsyDen,CC BY-NC-ND,http://creativecommons.org/licenses/by-nc-nd/3.0/,excluded because the source license prohibits derivative works
399,25555,audio/55/25555.2min.mp3,En Déclin,Cool Cavemen,CC BY-NC-ND,http://creativecommons.org/licenses/by-nc-nd/3.0/,excluded because the source license prohibits derivative works
400,359657,audio/57/359657.2min.mp3,Souvenir de Paganini in A major,Roberto Poli,CC BY-NC-ND,http://creativecommons.org/licenses/by-nc-nd/3.0/,excluded because the source license prohibits derivative works
406,500969,audio/69/500969.2min.mp3,Time Is Now,WEXIN,CC BY-NC-ND,http://creativecommons.org/licenses/by-nc-nd/2.0/fr/,excluded because the source license prohibits derivative works
408,1159370,audio/70/1159370.2min.mp3,Moon,Putsasoll,CC BY-NC-ND,http://creativecommons.org/licenses/by-nc-nd/3.0/,excluded because the source license prohibits derivative works
410,359660,audio/60/359660.2min.mp3,"Mazurka in f minor, Op. 63 No. 2",Roberto Poli,CC BY-NC-ND,http://creativecommons.org/licenses/by-nc-nd/3.0/,excluded because the source license prohibits derivative works
411,1241783,audio/83/1241783.2min.mp3,Master of the wave,Stanislav Maksymov,CC BY-NC-ND,http://creativecommons.org/licenses/by-nc-nd/3.0/,excluded because the source license prohibits derivative works
415,352685,audio/85/352685.2min.mp3,The End (Improvisation),Vladimir Sterzer,CC BY-NC-ND,http://creativecommons.org/licenses/by-nc-nd/2.0/de/,excluded because the source license prohibits derivative works
416,1162697,audio/97/1162697.2min.mp3,No stress,ADDICT SOUND,CC BY-NC-ND,http://creativecommons.org/licenses/by-nc-nd/3.0/,excluded because the source license prohibits derivative works
418,457120,audio/20/457120.2min.mp3,Sofa,Dazie Mae,CC BY-NC-ND,http://creativecommons.org/licenses/by-nc-nd/3.0/,excluded because the source license prohibits derivative works
419,1210721,audio/21/1210721.2min.mp3,Surfing On Gasoline (instrumental),Fresh Body Shop,CC BY-NC-ND,http://creativecommons.org/licenses/by-nc-nd/3.0/,excluded because the source license prohibits derivative works
420,1093795,audio/95/1093795.2min.mp3,Reach the Stars,JekK,CC BY-NC-ND,http://creativecommons.org/licenses/by-nc-nd/3.0/,excluded because the source license prohibits derivative works
422,700217,audio/17/700217.2min.mp3,Forgotten Love,Pianochocolate,CC BY-NC-ND,http://creativecommons.org/licenses/by-nc-nd/3.0/,excluded because the source license prohibits derivative works
429,1157362,audio/62/1157362.2min.mp3,First,JekK,CC BY-NC-ND,http://creativecommons.org/licenses/by-nc-nd/3.0/,excluded because the source license prohibits derivative works
430,533186,audio/86/533186.2min.mp3,Nébur Maik Begins,Nébur Maik,CC BY-NC-ND,http://creativecommons.org/licenses/by-nc-nd/3.0/,excluded because the source license prohibits derivative works
432,77737,audio/37/77737.2min.mp3,Fade,High Hopes,CC BY-NC-ND,http://creativecommons.org/licenses/by-nc-nd/3.0/,excluded because the source license prohibits derivative works
434,1321940,audio/40/1321940.2min.mp3,Palace of Fumes,Celestial Aeon Project,CC BY-NC-ND,http://creativecommons.org/licenses/by-nc-nd/3.0/,excluded because the source license prohibits derivative works
436,33325,audio/25/33325.2min.mp3,Hipnotic Night,Traffic In My Head,CC BY-NC-ND,http://creativecommons.org/licenses/by-nc-nd/3.0/,excluded because the source license prohibits derivative works
437,339422,audio/22/339422.2min.mp3,Last Breath,Hangman,CC BY-ND,http://creativecommons.org/licenses/by-nd/3.0/,excluded because the source license prohibits derivative works
444,1275424,audio/24/1275424.2min.mp3,THE ISLAND,Sweet Play,CC BY-NC-ND,http://creativecommons.org/licenses/by-nc-nd/3.0/,excluded because the source license prohibits derivative works
446,1239507,audio/07/1239507.2min.mp3,LOVERS,Maurizio Mazzoli,CC BY-NC-ND,http://creativecommons.org/licenses/by-nc-nd/3.0/,excluded because the source license prohibits derivative works
450,14348,audio/48/14348.2min.mp3,Todos los segundos cuentan,LA CAJA NEGRA,CC BY-NC-ND,http://creativecommons.org/licenses/by-nc-nd/2.5/,excluded because the source license prohibits derivative works
453,1009674,audio/74/1009674.2min.mp3,Burning Sky,Fresh Body Shop,CC BY-NC-ND,http://creativecommons.org/licenses/by-nc-nd/3.0/,excluded because the source license prohibits derivative works
455,913288,audio/88/913288.2min.mp3,Brand New Wings,Fresh Body Shop,CC BY-NC-ND,http://creativecommons.org/licenses/by-nc-nd/3.0/,excluded because the source license prohibits derivative works
460,415590,audio/90/415590.2min.mp3,One Bright Morning,HiGhMaS,CC BY-NC-ND,http://creativecommons.org/licenses/by-nc-nd/2.0/fr/,excluded because the source license prohibits derivative works
462,1210715,audio/15/1210715.2min.mp3,Mad Jungle (instrumental),Fresh Body Shop,CC BY-NC-ND,http://creativecommons.org/licenses/by-nc-nd/3.0/,excluded because the source license prohibits derivative works
476,500964,audio/64/500964.2min.mp3,Seven Days (Original Edit),WEXIN,CC BY-NC-ND,http://creativecommons.org/licenses/by-nc-nd/2.0/fr/,excluded because the source license prohibits derivative works
478,24026,audio/26/24026.2min.mp3,Kissing ice cube 'kanonantrois rebirth',Cyborgjeff,CC BY-NC-ND,http://creativecommons.org/licenses/by-nc-nd/2.5/,excluded because the source license prohibits derivative works
479,236348,audio/48/236348.2min.mp3,All my life,Grace Valhalla,CC BY-NC-ND,http://creativecommons.org/licenses/by-nc-nd/3.0/,excluded because the source license prohibits derivative works
480,916175,audio/75/916175.2min.mp3,Breathe,Grace Valhalla,CC BY-NC-ND,http://creativecommons.org/licenses/by-nc-nd/3.0/,excluded because the source license prohibits derivative works
483,415597,audio/97/415597.2min.mp3,Rythm's Life,HiGhMaS,CC BY-NC-ND,http://creativecommons.org/licenses/by-nc-nd/2.0/fr/,excluded because the source license prohibits derivative works
487,457080,audio/80/457080.2min.mp3,Paris To London & Back,Dazie Mae,CC BY-NC-ND,http://creativecommons.org/licenses/by-nc-nd/3.0/,excluded because the source license prohibits derivative works
492,1402647,audio/47/1402647.2min.mp3,"Aquarium, Le Carnaval des Animaux (Camille Saint-Saëns)",Esther Garcia,CC BY-NC-ND,http://creativecommons.org/licenses/by-nc-nd/3.0/,excluded because the source license prohibits derivative works
494,33322,audio/22/33322.2min.mp3,Go to Sleep in Silence,Traffic In My Head,CC BY-NC-ND,http://creativecommons.org/licenses/by-nc-nd/3.0/,excluded because the source license prohibits derivative works
497,1068667,audio/67/1068667.2min.mp3,First Sense,Pianochocolate,CC BY-NC-ND,http://creativecommons.org/licenses/by-nc-nd/3.0/,excluded because the source license prohibits derivative works
499,579644,audio/44/579644.2min.mp3,Words Of Happiness,Fresh Body Shop,CC BY-NC-ND,http://creativecommons.org/licenses/by-nc-nd/3.0/,excluded because the source license prohibits derivative works
500,1338443,audio/43/1338443.2min.mp3,How a phoenix,Putsasoll,CC BY-NC-ND,http://creativecommons.org/licenses/by-nc-nd/3.0/,excluded because the source license prohibits derivative works
504,799225,audio/25/799225.2min.mp3,The Final Battle,Wizart Music / Alexandre Guiraud,CC BY-NC-ND,http://creativecommons.org/licenses/by-nc-nd/2.0/fr/,excluded because the source license prohibits derivative works
510,1211603,audio/03/1211603.2min.mp3,He Knows,Joshua Ticsay,CC BY-NC-ND,http://creativecommons.org/licenses/by-nc-nd/3.0/,excluded because the source license prohibits derivative works
513,959155,audio/55/959155.2min.mp3,21junio2012,Dave Imbernön,CC BY-NC-ND,http://creativecommons.org/licenses/by-nc-nd/3.0/,excluded because the source license prohibits derivative works
516,1097943,audio/43/1097943.2min.mp3,Turn The Lights On,Fresh Body Shop,CC BY-NC-ND,http://creativecommons.org/licenses/by-nc-nd/3.0/,excluded because the source license prohibits derivative works
517,4880,audio/80/4880.2min.mp3,What Cool,Tom La Meche,CC BY-NC-ND,http://creativecommons.org/licenses/by-nc-nd/2.5/,excluded because the source license prohibits derivative works
518,359664,audio/64/359664.2min.mp3,Largo in E flat major,Roberto Poli,CC BY-NC-ND,http://creativecommons.org/licenses/by-nc-nd/3.0/,excluded because the source license prohibits derivative works
519,1211600,audio/00/1211600.2min.mp3,Ecstacy,Joshua Ticsay,CC BY-NC-ND,http://creativecommons.org/licenses/by-nc-nd/3.0/,excluded because the source license prohibits derivative works
520,1116696,audio/96/1116696.2min.mp3,Everybody Move Your Body,The Clone Dj,CC BY-ND,http://creativecommons.org/licenses/by-nd/3.0/,excluded because the source license prohibits derivative works
524,1115100,audio/00/1115100.2min.mp3,Eyes Closed (prod.MonstarrBeatz),Tab,CC BY-NC-ND,http://creativecommons.org/licenses/by-nc-nd/3.0/,excluded because the source license prohibits derivative works
527,457126,audio/26/457126.2min.mp3,The Very Opposite Of My Husband,Dazie Mae,CC BY-NC-ND,http://creativecommons.org/licenses/by-nc-nd/3.0/,excluded because the source license prohibits derivative works
531,359662,audio/62/359662.2min.mp3,"Ballade in a flat major, Op. 47",Roberto Poli,CC BY-NC-ND,http://creativecommons.org/licenses/by-nc-nd/3.0/,excluded because the source license prohibits derivative works
532,1254630,audio/30/1254630.2min.mp3,Anything But Everything,Color Out,CC BY-ND,http://creativecommons.org/licenses/by-nd/3.0/,excluded because the source license prohibits derivative works
534,1093792,audio/92/1093792.2min.mp3,Day Free,JekK,CC BY-NC-ND,http://creativecommons.org/licenses/by-nc-nd/3.0/,excluded because the source license prohibits derivative works
542,6495,audio/95/6495.2min.mp3,Fusion,Cool Cavemen,CC BY-NC-ND,http://creativecommons.org/licenses/by-nc-nd/3.0/,excluded because the source license prohibits derivative works
543,66949,audio/49/66949.2min.mp3,guilty crowds,Fresh Body Shop,CC BY-NC-ND,http://creativecommons.org/licenses/by-nc-nd/3.0/,excluded because the source license prohibits derivative works
551,1390266,audio/66/1390266.2min.mp3,Surf Improvisation,Nicolas Falcon,CC BY-NC-ND,http://creativecommons.org/licenses/by-nc-nd/3.0/,excluded because the source license prohibits derivative works
554,364087,audio/87/364087.2min.mp3,My Artificial Sun,Fresh Body Shop,CC BY-NC-ND,http://creativecommons.org/licenses/by-nc-nd/3.0/,excluded because the source license prohibits derivative works
555,1009672,audio/72/1009672.2min.mp3,Fireballs,Fresh Body Shop,CC BY-NC-ND,http://creativecommons.org/licenses/by-nc-nd/3.0/,excluded because the source license prohibits derivative works
567,1382988,audio/88/1382988.2min.mp3,Optimistic corporate (Short),OnionAudioProduction,CC BY-NC-ND,http://creativecommons.org/licenses/by-nc-nd/3.0/,excluded because the source license prohibits derivative works
570,500970,audio/70/500970.2min.mp3,High Fidelity,WEXIN,CC BY-NC-ND,http://creativecommons.org/licenses/by-nc-nd/2.0/fr/,excluded because the source license prohibits derivative works
571,33326,audio/26/33326.2min.mp3,Time to Slow,Traffic In My Head,CC BY-NC-ND,http://creativecommons.org/licenses/by-nc-nd/3.0/,excluded because the source license prohibits derivative works
572,1219475,audio/75/1219475.2min.mp3,Chip Away,Marwood Williams,CC BY-NC-ND,http://creativecommons.org/licenses/by-nc-nd/3.0/,excluded because the source license prohibits derivative works
574,1312858,audio/58/1312858.2min.mp3,Canto del ayer,MOAVE,CC BY-NC-ND,http://creativecommons.org/licenses/by-nc-nd/3.0/,excluded because the source license prohibits derivative works
577,1169701,audio/01/1169701.2min.mp3,Another Life,Fresh Body Shop,CC BY-NC-ND,http://creativecommons.org/licenses/by-nc-nd/3.0/,excluded because the source license prohibits derivative works
582,4883,audio/83/4883.2min.mp3,Pan,Tom La Meche,CC BY-NC-ND,http://creativecommons.org/licenses/by-nc-nd/2.5/,excluded because the source license prohibits derivative works
590,376240,audio/40/376240.2min.mp3,Shifting Sight,OMAÏNEN,CC BY-NC-ND,http://creativecommons.org/licenses/by-nc-nd/3.0/,excluded because the source license prohibits derivative works
596,592190,audio/90/592190.2min.mp3,The Last Day Of Winter,Vladimir Sterzer,CC BY-NC-ND,http://creativecommons.org/licenses/by-nc-nd/2.0/de/,excluded because the source license prohibits derivative works
599,457118,audio/18/457118.2min.mp3,Move On,Dazie Mae,CC BY-NC-ND,http://creativecommons.org/licenses/by-nc-nd/3.0/,excluded because the source license prohibits derivative works
602,73153,audio/53/73153.2min.mp3,demons asleep,Fresh Body Shop,CC BY-NC-ND,http://creativecommons.org/licenses/by-nc-nd/3.0/,excluded because the source license prohibits derivative works
609,73157,audio/57/73157.2min.mp3,holy gangstas,Fresh Body Shop,CC BY-NC-ND,http://creativecommons.org/licenses/by-nc-nd/3.0/,excluded because the source license prohibits derivative works
615,7096,audio/96/7096.2min.mp3,Un type banal,adel,CC BY-NC-ND,http://creativecommons.org/licenses/by-nc-nd/2.0/fr/,excluded because the source license prohibits derivative works
621,73152,audio/52/73152.2min.mp3,starving babies,Fresh Body Shop,CC BY-NC-ND,http://creativecommons.org/licenses/by-nc-nd/3.0/,excluded because the source license prohibits derivative works
623,700224,audio/24/700224.2min.mp3,Marga Sol - Goodbye (Pianochocolare Remix),Pianochocolate,CC BY-NC-ND,http://creativecommons.org/licenses/by-nc-nd/3.0/,excluded because the source license prohibits derivative works
626,416358,audio/58/416358.2min.mp3,My Love Is For Real,WEXIN,CC BY-NC-ND,http://creativecommons.org/licenses/by-nc-nd/2.0/fr/,excluded because the source license prohibits derivative works
637,1210725,audio/25/1210725.2min.mp3,Wizard (instrumental),Fresh Body Shop,CC BY-NC-ND,http://creativecommons.org/licenses/by-nc-nd/3.0/,excluded because the source license prohibits derivative works
640,1307839,audio/39/1307839.2min.mp3,Traveler's Song,The Dada Weatherman,CC BY-NC-ND,http://creativecommons.org/licenses/by-nc-nd/3.0/,excluded because the source license prohibits derivative works
643,579646,audio/46/579646.2min.mp3,Nothing's Impossible,Fresh Body Shop,CC BY-NC-ND,http://creativecommons.org/licenses/by-nc-nd/3.0/,excluded because the source license prohibits derivative works
644,1054396,audio/96/1054396.2min.mp3,Kids In Toy Land,Fresh Body Shop,CC BY-NC-ND,http://creativecommons.org/licenses/by-nc-nd/3.0/,excluded because the source license prohibits derivative works
647,700215,audio/15/700215.2min.mp3,Not too late,Pianochocolate,CC BY-NC-ND,http://creativecommons.org/licenses/by-nc-nd/3.0/,excluded because the source license prohibits derivative works
659,1143013,audio/13/1143013.2min.mp3,I feel good,ADDICT SOUND,CC BY-NC-ND,http://creativecommons.org/licenses/by-nc-nd/2.0/fr/,excluded because the source license prohibits derivative works
660,700223,audio/23/700223.2min.mp3,Tenderness,Pianochocolate,CC BY-NC-ND,http://creativecommons.org/licenses/by-nc-nd/3.0/,excluded because the source license prohibits derivative works
664,1254634,audio/34/1254634.2min.mp3,Winter Chill,Color Out,CC BY-ND,http://creativecommons.org/licenses/by-nd/3.0/,excluded because the source license prohibits derivative works
669,1264107,audio/07/1264107.2min.mp3,Faith,Kendra Logozar - Contemporary Piano,CC BY-NC-ND,http://creativecommons.org/licenses/by-nc-nd/3.0/,excluded because the source license prohibits derivative works
670,1320188,audio/88/1320188.2min.mp3,Memories of Neverland,Putsasoll,CC BY-NC-ND,http://creativecommons.org/licenses/by-nc-nd/3.0/,excluded because the source license prohibits derivative works
672,421721,audio/21/421721.2min.mp3,Aserkate RMX (Shawan Rising / Epise),SHAWAN RISING,CC BY-ND,http://creativecommons.org/licenses/by-nd/2.0/fr/,excluded because the source license prohibits derivative works
673,1180601,audio/01/1180601.2min.mp3,Drake2,Cartel,CC BY-ND,http://creativecommons.org/licenses/by-nd/3.0/,excluded because the source license prohibits derivative works
674,1169699,audio/99/1169699.2min.mp3,Anything But You,Fresh Body Shop,CC BY-NC-ND,http://creativecommons.org/licenses/by-nc-nd/3.0/,excluded because the source license prohibits derivative works
675,457113,audio/13/457113.2min.mp3,Married to a Chelsea Supporter,Dazie Mae,CC BY-NC-ND,http://creativecommons.org/licenses/by-nc-nd/3.0/,excluded because the source license prohibits derivative works
676,450989,audio/89/450989.2min.mp3,Can't Get Enough,Fresh Body Shop,CC BY-NC-ND,http://creativecommons.org/licenses/by-nc-nd/3.0/,excluded because the source license prohibits derivative works
680,261271,audio/71/261271.2min.mp3,Misbehaved,Dazie Mae,CC BY-NC-ND,http://creativecommons.org/licenses/by-nc-nd/3.0/,excluded because the source license prohibits derivative works
681,1157361,audio/61/1157361.2min.mp3,So Hard,JekK,CC BY-NC-ND,http://creativecommons.org/licenses/by-nc-nd/3.0/,excluded because the source license prohibits derivative works
682,959181,audio/81/959181.2min.mp3,Note III,Dave Imbernön,CC BY-NC-ND,http://creativecommons.org/licenses/by-nc-nd/3.0/,excluded because the source license prohibits derivative works
683,33324,audio/24/33324.2min.mp3,Walk to The Stars,Traffic In My Head,CC BY-NC-ND,http://creativecommons.org/licenses/by-nc-nd/3.0/,excluded because the source license prohibits derivative works
686,264261,audio/61/264261.2min.mp3,More Than Words Can Say 2009 (Reloaded Instrumental Edit),WEXIN,CC BY-NC-ND,http://creativecommons.org/licenses/by-nc-nd/2.0/fr/,excluded because the source license prohibits derivative works
687,1211608,audio/08/1211608.2min.mp3,Farewell,Joshua Ticsay,CC BY-NC-ND,http://creativecommons.org/licenses/by-nc-nd/3.0/,excluded because the source license prohibits derivative works
694,94736,audio/36/94736.2min.mp3,all you've never felt,Fresh Body Shop,CC BY-NC-ND,http://creativecommons.org/licenses/by-nc-nd/3.0/,excluded because the source license prohibits derivative works
697,752758,audio/58/752758.2min.mp3,ESCALATE,Fabio Confalone,CC BY-NC-ND,http://creativecommons.org/licenses/by-nc-nd/2.5/it/,excluded because the source license prohibits derivative works
