reference_id,reference_file_name,source_track_id,source_relative_path,source_duration_seconds,reference_sha256,shuffle_seed
002,002.mp3,1138689,audio/89/1138689.2min.mp3,119.994625,376e90f28725d583173e3956b5884180491ee46539e9aeb6c8e2f2c574d7059e,20260819
003,003.mp3,780639,audio/39/780639.2min.mp3,119.994625,e53f449ad56354a1a4ba48a91bd4c434c6e4c1089db7f41cb99ebd762c970b45,20260819
004,004.mp3,7257,audio/57/7257.2min.mp3,119.989000,a71b018e2e94adf90edb2df418e77c176288965aecc9209db3bfb7e9b7a54cc1,20260819
005,005.mp3,1100002,audio/02/1100002.2min.mp3,119.994625,e3661ee68f6f82582573130b2e09bc903668d341db31a2fee748b35f213bb651,20260819
006,006.mp3,1341061,audio/61/1341061.2min.mp3,119.994625,78320b464f43f46f6e523c8e90f715aa06e9bbf6712f8f2b7028462dbcda4c25,20260819
007,007.mp3,357314,audio/14/357314.2min.mp3,119.994625,084be55c34f0ebe0675794119d35680907ed5d7c205d6ec3258bf3be5d1ab488,20260819
008,008.mp3,357385,audio/85/357385.2min.mp3,119.994625,43650dbe642bf8ddbe3c43e48cf942cdca07944b0cbf4b20cee9b903c6c86e51,20260819
009,009.mp3,6730,audio/30/6730.2min.mp3,119.994625,260f961f1055af0525cb77ce2b321f4c03b74421d04779197b37abe1e067cc3e,20260819
010,010.mp3,181440,audio/40/181440.2min.mp3,119.994625,81d69c94359159f946747d6286b0ebe596f3505c622630daaaac68303ae1eaa0,20260819
011,011.mp3,1119024,audio/24/1119024.2min.mp3,119.994625,e32dac2d7d318d7f1a81d64cab35df312dff956615564c6b6af08527ca1f67fa,20260819
012,012.mp3,1138697,audio/97/1138697.2min.mp3,119.994625,a473c6b0814eba023d4a012255017eb765161423e88c22c50e0b00f3626bd8f7,20260819
013,013.mp3,145366,audio/66/145366.2min.mp3,119.994625,61348e838237fa75a841f0c750b341bfc256f57f0cbf03ce4db36d8c15930124,20260819
014,014.mp3,242410,audio/10/242410.2min.mp3,119.994625,23ac88aaf33155235f8c04d48998c5e27435c87cdd2061aa358e9e89a7a119d7,20260819
015,015.mp3,1007274,audio/74/1007274.2min.mp3,119.989000,b38168d1d2590f1c94f608d58a8bd1ced355eda0d04469c2e82063bea752a511,20260819
017,017.mp3,43881,audio/81/43881.2min.mp3,119.994625,1a4cc1ab88cde2b0578b83241e0f99a8e3138e886262721aa2b9b62da2c9c4c9,20260819
019,019.mp3,242640,audio/40/242640.2min.mp3,119.994625,6bcd1704fa40913c9240cff22ea6f2c32a69b02a7dc48a763c0fb95c3b329a18,20260819
021,021.mp3,518603,audio/03/518603.2min.mp3,119.994625,391dc43b5acc529d37ef872c6ac69a8b2a11b63f2aa5a97b1a5402a77b98fa43,20260819
022,022.mp3,7360,audio/60/7360.2min.mp3,119.994625,ecfd8d3fe90178ee56d147d83f9d63ba05a03ff58e3bc61217f1f971cfc1dd29,20260819
023,023.mp3,357387,audio/87/357387.2min.mp3,119.994625,4435a3408bea89927365d14ab21598f0e386bdad43eb101faa7d45fefbbc5fea,20260819
024,024.mp3,1194311,audio/11/1194311.2min.mp3,119.994625,665f6466a0d10539aa001142f7ceffa300cffd40fbe616b2f9351dc7aaab7d50,20260819
025,025.mp3,1356349,audio/49/1356349.2min.mp3,119.994625,79e3e70bfffca6e24f02dcee8b51e7b7ea5d82744fab8087327cbfce23507cfa,20260819
026,026.mp3,1418302,audio/02/1418302.2min.mp3,119.994625,750572058c2918f58a2132b68fcb8f753c450357cec70aa569106ddd4c0a4b2b,20260819
027,027.mp3,347858,audio/58/347858.2min.mp3,119.994625,da05a9e5d0dd28a3f83ffd93edbe19c6404900d29e0e29e20843d9b3bb49cde2,20260819
029,029.mp3,7363,audio/63/7363.2min.mp3,119.994625,1ebe7d93aed518a812fa4128e7b64f0e4f9afaf4066adbe59918ed81b164fb46,20260819
031,031.mp3,353494,audio/94/353494.2min.mp3,119.994625,b2fa71e96dc853d364befe17de9f1f4fd8b0feadc9cef0a3a1f910ffaa4a0216,20260819
032,032.mp3,1245184,audio/84/1245184.2min.mp3,119.994625,5a1cf56c0da3a1cd9c3dcb6d82770c1b5bf71d3498db47cad4c66e39751cafb7,20260819
033,033.mp3,1282564,audio/64/1282564.2min.mp3,111.035250,bf4ed752ac5567651fca0fab7e232fdacff76ae3e321f00c8a4b5e90755441f0,20260819
034,034.mp3,285434,audio/34/285434.2min.mp3,119.994625,89e0099f87a4a76bd0e9cec15d6613b546a372a037bf5a19ded7b5ccd0bd5ccf,20260819
035,035.mp3,734510,audio/10/734510.2min.mp3,119.994625,c5a6b1403e8414c63d2ca2b245290a5722988312d29e7820f98056b483012d62,20260819
036,036.mp3,357192,audio/92/357192.2min.mp3,119.994625,3f750c01f402eae5b52aa9f427c5ae1c09c72dc6022074d461ab94fe2f53a982,20260819
037,037.mp3,10575,audio/75/10575.2min.mp3,119.994625,910b745d9cde19a13e0d2a2ec5ecbb930671b4b8e932848a733aed416974529e,20260819
039,039.mp3,296237,audio/37/296237.2min.mp3,119.994625,f3dda41867d6361181dcab6c08c512fff6261f3a0c08b9e71cd80128bcded4f7,20260819
040,040.mp3,727904,audio/04/727904.2min.mp3,119.994625,5f0fcb69de5c31374f5eed345238c7c4543d70af2cf5782197753bdddafc5e0f,20260819
041,041.mp3,461560,audio/60/461560.2min.mp3,119.994625,f50f1deaa8eafe3060c3fb5310bc1d0bc7b4eb24d854ecabfb9ab340bce6fb59,20260819
042,042.mp3,785426,audio/26/785426.2min.mp3,119.994625,1af60ab88d3abbd69cb2273873af41548477bbd648eebd6053a46fb1156aaedd,20260819
043,043.mp3,1162015,audio/15/1162015.2min.mp3,119.994625,ede4189e6f6fecd4eb9a086fa96870ceebe26157e30883552cbced0c2718a34c,20260819
044,044.mp3,1066197,audio/97/1066197.2min.mp3,119.994625,acde366800902325bbdea1589f4df8164f57d16dacf979265c67593eef1a30eb,20260819
045,045.mp3,1119016,audio/16/1119016.2min.mp3,119.994625,861c51803642d3cdee859f5f7a1aa1b066001ca546d640dc1d6833c59e83b39c,20260819
046,046.mp3,40639,audio/39/40639.2min.mp3,119.994625,17ded559065f30edab85849454f996422667f558fa159a937b6af41e05ad2e3f,20260819
047,047.mp3,1125375,audio/75/1125375.2min.mp3,114.433750,ce99951a66ac61775e4b77f1c5c9b68d857e2deec76c7b1c5df537a0b45f6afa,20260819
048,048.mp3,26432,audio/32/26432.2min.mp3,119.994625,deacf29dcf4b2132b5bd139a67db38c2994c22632a736f47773cb39bcf416337,20260819
049,049.mp3,363326,audio/26/363326.2min.mp3,119.994625,9d96694c0b656ef11f6043563b3fc4ca9a6a0e018e2f08f515065ebe9900b8d0,20260819
051,051.mp3,537116,audio/16/537116.2min.mp3,119.994625,4344327ef35a6a3c7ab0b154f5df4f64d6088db4c1b7b92b1405139a4bb38cb7,20260819
052,052.mp3,1350951,audio/51/1350951.2min.mp3,119.994625,33f4ceda881eae625460e454fb0bae6ec5432bb51216abc9b481b6fc03445db0,20260819
053,053.mp3,635960,audio/60/635960.2min.mp3,119.994625,106ff0631cadc6f9339097f780670230b8ed7d1425ec480e38eb3044f1e6d25c,20260819
054,054.mp3,1169706,audio/06/1169706.2min.mp3,119.994625,fcb4250c029936c56ea72ecd8625dd2b2bac108a0e163bc9c21277c7d90ac14c,20260819
056,056.mp3,1194315,audio/15/1194315.2min.mp3,119.994625,5e5a32bd270e560394d1a6bbb9182b4ae303dac02dfff15077710d97954e9d7a,20260819
057,057.mp3,1357132,audio/32/1357132.2min.mp3,119.994625,97061adfb8de22db1549d489ef7ada9302637cd2575c232d58b19bc6e3563db5,20260819
058,058.mp3,135658,audio/58/135658.2min.mp3,119.994625,9cfae8882f9673c0789b08e636b01ccaddce2548376ba07554afae36950fe854,20260819
059,059.mp3,599227,audio/27/599227.2min.mp3,119.994625,0856d4519d65be883be4ebe99a2dcc8e7b7ed3cf297543d529fa19f8d5152090,20260819
060,060.mp3,25250,audio/50/25250.2min.mp3,119.994625,b4b477e5346b763bfc255c5d5023746f3caed5e2fe77a62b03147538b0f1ac73,20260819
062,062.mp3,642167,audio/67/642167.2min.mp3,119.994625,1cbed4fe6476a1edf570b00412ea1d4953a36a3fbd365362514064f586e9c818,20260819
063,063.mp3,1053845,audio/45/1053845.2min.mp3,119.989000,9d5976951485c519928d10418a77374626cb73f6e69777cc2f9e49e8e69ecfdb,20260819
064,064.mp3,1169708,audio/08/1169708.2min.mp3,119.994625,e69c7ecc39c396d561c104912cd8dec69852495e0b600c1cedf692d62fb1de9a,20260819
065,065.mp3,785434,audio/34/785434.2min.mp3,119.994625,e828c5799b2eefff6234a5bd12a40c5a918d17ddbc2eb5bc86f73c32727863f1,20260819
067,067.mp3,945200,audio/00/945200.2min.mp3,119.994625,25c7a3bd514e2a41bfc4e541b2dac1b01721748992de400f0935ef91ae1ff70b,20260819
068,068.mp3,617329,audio/29/617329.2min.mp3,119.994625,89ce707966e9f514e37be1aabf7b16c5a0b075b8076c56fc6df712a133bc7537,20260819
069,069.mp3,938054,audio/54/938054.2min.mp3,119.994625,572edfb2ad52c7534335e2feb6a9f62407d6dc5f872b8cd44e2c611f51dbab6c,20260819
070,070.mp3,437794,audio/94/437794.2min.mp3,119.994625,2a7fe0e3795f72eed2fae1433c654e71ba4c7e5c7b5de9037d6b6f85d2940344,20260819
071,071.mp3,175043,audio/43/175043.2min.mp3,119.994625,dbb274a1d429d733878979348a4aef4e94b2dd58c0e9a9bef690be8982833cb5,20260819
072,072.mp3,1057890,audio/90/1057890.2min.mp3,119.994625,53bea7da496bebab9d360ee8deedb9aee9450e5a55d23a2ed92fd18c7bfec040,20260819
073,073.mp3,172023,audio/23/172023.2min.mp3,119.994625,a504c1f363bf0563647dc2d3666d76ebf5f0035b8bbabc114060923bbf420782,20260819
074,074.mp3,5344,audio/44/5344.2min.mp3,119.994625,bd52bacc48fbfcf058d2f250cac2554e2dfdadc621623760a60fe400dfc6f991,20260819
076,076.mp3,1313212,audio/12/1313212.2min.mp3,113.683875,19f4afcd94129d5c5fa9c2c930c1bb47ca9257f7ba6aa45c3319f7e1877db45e,20260819
079,079.mp3,1245190,audio/90/1245190.2min.mp3,119.994625,38e545e69ea31944ce37d531a3fc7ac125a23a0a32096c8553991411032e29db,20260819
080,080.mp3,1194316,audio/16/1194316.2min.mp3,119.994625,d1ae01f64b1f7dfb11ce66ee80a73f51ded185586cded38c058d95ef3b63fa72,20260819
081,081.mp3,39105,audio/05/39105.2min.mp3,119.994625,2b05e8eda45c9b583b671f1ff2749e83bbaddcf0e577754843da476134bdef71,20260819
082,082.mp3,1288067,audio/67/1288067.2min.mp3,119.994625,99d7169fba5626187b02e7c453d435220b3779c50ce59f09e52c447dfe80d6ab,20260819
083,083.mp3,242384,audio/84/242384.2min.mp3,119.994625,af6ccb98ed64abeeb8aaa43a1982d95e4d9664b5fc7b164116bc1d1c854a79ac,20260819
084,084.mp3,87893,audio/93/87893.2min.mp3,112.392875,11b956477ca87554d8e6b1b411abf5426f2452b9feca4aa7c9a80eadfc13d6f3,20260819
085,085.mp3,945194,audio/94/945194.2min.mp3,119.994625,1d5a4d8725a1eea7276bab5027319d147bb6f20a015e83a40f1fdb136bf5d529,20260819
086,086.mp3,945199,audio/99/945199.2min.mp3,119.994625,fac2fc8f3636614424800f6da4ab2928c9404587722c47e3bf667093f95ef7a5,20260819
087,087.mp3,83880,audio/80/83880.2min.mp3,119.994625,79677249b3ed6cdeec4f0d744497d428422c4431eacb387fef553065d93e68d9,20260819
089,089.mp3,35350,audio/50/35350.2min.mp3,119.994625,1d9cab7ddc6d839016f601a59184e9564bbb71ccd927978a8073fda608abfc5a,20260819
090,090.mp3,146590,audio/90/146590.2min.mp3,119.994625,17107823f978fe1c99dc973cd4c46a1e78523699ed8ea3453b0be871b0e7d278,20260819
091,091.mp3,11839,audio/39/11839.2min.mp3,119.994625,637f59f2b8e55c4411bd3f349e3067d3d683f5fe140a6a4adf4bb4c8940487a5,20260819
093,093.mp3,202741,audio/41/202741.2min.mp3,119.994625,7ab53bc867d905cf5592a63d7c3cddcb3b65c5ad40e32d936cd6971e7e475f51,20260819
094,094.mp3,439178,audio/78/439178.2min.mp3,119.994625,d4e45ef57decabe2520468bc8025129e8d99a3980839de3474ff2f529507ae4c,20260819
095,095.mp3,5084,audio/84/5084.2min.mp3,119.994625,8b69c5085d29004a5899d1ff9537a84ad80e10aa3eb614fdc60daea66d55e061,20260819
096,096.mp3,296235,audio/35/296235.2min.mp3,119.994625,2a86eaa01f5625a3d1f01ee555490c9b499e5c212ca360c29b36f9338171bb36,20260819
100,100.mp3,206609,audio/09/206609.2min.mp3,119.994625,7479ba0cb2dbac5827387e520bea202ea5ce25f281bc35ca43c5bc138efb0147,20260819
102,102.mp3,1187970,audio/70/1187970.2min.mp3,119.994625,137fab28be295b26a5e8a98c7243f79617af96620488d09f8cb258648bc45253,20260819
103,103.mp3,1069500,audio/00/1069500.2min.mp3,119.989000,f9245b8d539915901fdb38dfc9ad45a1751cbc29a04fdad1ba7f6da26373acd2,20260819
105,105.mp3,145371,audio/71/145371.2min.mp3,119.994625,7183ca4af82e96df462eced8805792afaaceb8f26e54c4a2acebe2b807b81400,20260819
106,106.mp3,723360,audio/60/723360.2min.mp3,119.994625,283e4cdab20689e609ada0935dd5bed6a7a9a0def4c104127731c4a9211fbe66,20260819
108,108.mp3,1119019,audio/19/1119019.2min.mp3,119.994625,1cbb54079e8c89e2dc2b4ad9edd1406f3b6e9621407c01088b8bb0b707c39468,20260819
109,109.mp3,986589,audio/89/986589.2min.mp3,119.994625,a178b940cf2c79430ac392d322347ee90352b265fc7999db94256a2ea05aa963,20260819
110,110.mp3,1170740,audio/40/1170740.2min.mp3,119.994625,0f7f649992a9c936f21373d3db2fb34c005c065fd7ef9ab0fe5b324a66281f30,20260819
113,113.mp3,1169713,audio/13/1169713.2min.mp3,119.994625,314e7d0ebacb419cf6b329bbd9fe3d3bdb8534616767c53dda25403a4d5c8b58,20260819
116,116.mp3,1356875,audio/75/1356875.2min.mp3,119.994625,0c495e7e04babfff4ab0655275739d28edb8f3603773a9761cf5956e7f5f7d0b,20260819
117,117.mp3,181608,audio/08/181608.2min.mp3,119.994625,d9577611201805c781962248f0b1f6df56a012b15bebc56dab8ed1bfa64cb5aa,20260819
118,118.mp3,330655,audio/55/330655.2min.mp3,119.994625,aa1e15596cb8c1ff5418fb6d2fde75ed4b79c7b083476cc9c9dcb014793d695c,20260819
119,119.mp3,781951,audio/51/781951.2min.mp3,119.994625,9dd93ac25dea4c87a6253198bd6bf2d4d418d4871da1fd46336608beb71b40f4,20260819
121,121.mp3,945193,audio/93/945193.2min.mp3,119.994625,1240564ec164012b5c22d7bc650dc1bf07407013d878229d7b73789efbba7aeb,20260819
122,122.mp3,1245192,audio/92/1245192.2min.mp3,119.994625,49dedf9b969d69d72b87142ec7dabc91af51cc3c8202ab2e759d68fb94663690,20260819
124,124.mp3,1169718,audio/18/1169718.2min.mp3,119.994625,489509ed1b96e2644b0be9d2cd58c3fb2cb697cd0596262b5e4a72661a00188d,20260819
125,125.mp3,305160,audio/60/305160.2min.mp3,119.994625,75cce900b4334bbf283855b571c94620debecd7107693f8a033cc4232e946518,20260819
128,128.mp3,1269564,audio/64/1269564.2min.mp3,119.994625,c920d080cf27039a4802391ff3900c0a11b62e1b883ee2be269c575b5a217413,20260819
130,130.mp3,345155,audio/55/345155.2min.mp3,119.994625,bc4380d894a911b4d214c05b498950f10479b4467ac163424cf820dbec7f397e,20260819
132,132.mp3,1051203,audio/03/1051203.2min.mp3,119.994625,46762024dccfaff1794b67666e2857c5f789ae07d1b3400600854835ff6c0e05,20260819
133,133.mp3,309856,audio/56/309856.2min.mp3,119.994625,c3ec88d6e2445d74e694f4f0f6741a39f56453f1fc8487739f9de31448873d6e,20260819
134,134.mp3,1356344,audio/44/1356344.2min.mp3,119.994625,343d06cfbe862e17cfb21503dcc7ec70f567a39d9dea06a420b8b0d7ce8aefa9,20260819
135,135.mp3,243734,audio/34/243734.2min.mp3,119.994625,fdd9dc5e9e9ed9f25053b69c1d494f5f1113bc1eef18315918df2e437f182ee2,20260819
136,136.mp3,402063,audio/63/402063.2min.mp3,119.994625,470435569c419959f64b4e0f4fe6a95e49d7aa6a8d40b9aaabe65fb0c46d4511,20260819
137,137.mp3,1086667,audio/67/1086667.2min.mp3,119.994625,881ebbe3d5a104b24cafed566f994680c58db3d5e5db663aadc8b9ec0e77c231,20260819
139,139.mp3,957463,audio/63/957463.2min.mp3,119.994625,9c484eab35f221e35311826fdf62dc4db9f7b50cbddfccef09d89c18abfed9b0,20260819
140,140.mp3,76658,audio/58/76658.2min.mp3,119.994625,b5221252e6d2e562a24eecc0952c26b5294f5446e1ee95f0d0f2baf0e88d9645,20260819
142,142.mp3,1357019,audio/19/1357019.2min.mp3,119.994625,404ec0789d4f5509f5e7ff154565f30dd03c621cf4c2310d349230042c8f8bd1,20260819
143,143.mp3,537126,audio/26/537126.2min.mp3,119.994625,3c9206936194f34f15f088a0b5ae8980d482b912e6d0e539014273e58f555076,20260819
145,145.mp3,101006,audio/06/101006.2min.mp3,119.994625,37fdbf8ef1a7823f999a5662b9ad90fe5c9aa221e9f3bf51404a3d487ac66188,20260819
146,146.mp3,7259,audio/59/7259.2min.mp3,119.989000,cc7df3237f71c46e6b0f80f07b9e78c2432c28a82cdde4b1925374f82bf21052,20260819
148,148.mp3,785422,audio/22/785422.2min.mp3,111.874750,5ca51e9c142d1e03123432b1941bc07c9dcbeaf84ac2a31b6f5f4ff6be6c0170,20260819
149,149.mp3,123447,audio/47/123447.2min.mp3,119.994625,c5bc35964675e335b4eece2bf70a62f46a07a034c9f41cdf0095d60c144e8703,20260819
151,151.mp3,145945,audio/45/145945.2min.mp3,119.994625,a1b1cf53badad019e1b10f42a3b1106698de2338ba3fe3fb2391c028f5b228c4,20260819
153,153.mp3,1122392,audio/92/1122392.2min.mp3,119.989000,71eb5558b3eb3fea137369734090d445b43e2a209f1ae597b7036cbd58bf2cb1,20260819
154,154.mp3,1060600,audio/00/1060600.2min.mp3,119.994625,2beba2aefac340dbded5e1108b18da5437ae99b63bfa342bb9d3f3286b3ef60c,20260819
155,155.mp3,437795,audio/95/437795.2min.mp3,119.994625,1b69cd0e9a77f9e7ec2e21c8e6959a136b7b766bf84871e4d082dfb3cf9d1865,20260819
156,156.mp3,1245189,audio/89/1245189.2min.mp3,119.994625,6df15cd4c54eeec60b44ba8a17702bb97395b567e38f5c7d261e7d04f893ae47,20260819
158,158.mp3,1245181,audio/81/1245181.2min.mp3,119.994625,139ef1f4cec9f72896cb1b4e5ede25f53150b382432cad25fa8b7c18823271ca,20260819
159,159.mp3,785436,audio/36/785436.2min.mp3,119.994625,460b595c12eb01e8902cdbb8f955d82583e60c96a99508c3b1e3756e8a78a9d6,20260819
161,161.mp3,17170,audio/70/17170.2min.mp3,65.293125,d73d48a26106300b47f4617fbbea5d1bf19b4601745160297917f4647d4fa9ba,20260819
163,163.mp3,12302,audio/02/12302.2min.mp3,119.994625,435b462ef390bce23b66662e5bcc202fcdac3323106d0a717b1336a3049b3d4d,20260819
164,164.mp3,156061,audio/61/156061.2min.mp3,119.994625,09eb4be65de450450984ef8c0a3f7cc074b35d5725b831a9d222bc7a9b00b845,20260819
166,166.mp3,1281209,audio/09/1281209.2min.mp3,119.994625,18c99a841ef6fd97d3ff6ea101cee72534bb62dd31014d88ab3313ebf0016af1,20260819
169,169.mp3,1135054,audio/54/1135054.2min.mp3,119.994625,9bf5c88d17c40584542e410b8e416e95fb6eb57ff6c52c349d111dd2e6b71095,20260819
170,170.mp3,344324,audio/24/344324.2min.mp3,119.994625,6dbf2fda38ff2d822c3c7c59d9b58b45acd0ae41ae4e3ff0a33eee0b95e26cb2,20260819
171,171.mp3,14046,audio/46/14046.2min.mp3,119.994625,822846297b84c07285c09aec2469063f507c6aaa934f74df1106452896ff0c68,20260819
172,172.mp3,785425,audio/25/785425.2min.mp3,119.994625,3f6b0ebabe25f2a66730e930df6e860a0bebbf497b6e945bbd4caae2f42578b6,20260819
177,177.mp3,348881,audio/81/348881.2min.mp3,119.994625,29693a0ac727a0fa06db88770a3c402660c39c44ba57d37aa8ec5ce01b9fd6ee,20260819
178,178.mp3,956244,audio/44/956244.2min.mp3,119.994625,34f3b2b69353c6a0926d33675641641c78dc89ce907bd6433e2e54fd4feb086b,20260819
179,179.mp3,1159244,audio/44/1159244.2min.mp3,119.994625,3904202de85861e8e457a2b2f4e80c19f2d98bd507a9123764e4d2224c38683e,20260819
180,180.mp3,1293996,audio/96/1293996.2min.mp3,119.994625,ed2fe869ed2cfa4d891589a63903a6c086a1483493fd0430f21e27f3da0f825e,20260819
181,181.mp3,1169734,audio/34/1169734.2min.mp3,93.946125,f81e9944f9c7c49ec2f94de64d37eaa8e1e3242d81632ee79569f39f0abafeff,20260819
182,182.mp3,1356313,audio/13/1356313.2min.mp3,119.994625,0fa7e357315cb163eeb95c988e70ef6eff8a5d59adcdecd2674ad7e8b802af71,20260819
183,183.mp3,101464,audio/64/101464.2min.mp3,119.994625,2a043a645744f9102b36726d8f4d7f84dc61d8a4feba34f93bf33ef8423d7787,20260819
187,187.mp3,1245185,audio/85/1245185.2min.mp3,119.994625,a008ba0c84e06239a08d0e7ab1ec5f682c41be47a27539bdbab5181bb11ecf03,20260819
188,188.mp3,135657,audio/57/135657.2min.mp3,119.994625,aeb49106f267a011f166fbc0033b9d0a54b9e0409ccc0135f7a7ecbf381cb927,20260819
189,189.mp3,43419,audio/19/43419.2min.mp3,119.994625,b6498e73ff1d62fc6fbf9e0b97dbdac947e12c8795440ef47d8f9feadb518192,20260819
190,190.mp3,309861,audio/61/309861.2min.mp3,119.994625,dcbe17408a352c046193649c3465f4f27ccdbbc0ac2c2fc42b6bb32d2e972690,20260819
193,193.mp3,945196,audio/96/945196.2min.mp3,119.994625,18b590d289ef0a12b0e4138f4acab2646b5c6fe7ac324990fd72292cf4e04a7d,20260819
195,195.mp3,3453,audio/53/3453.2min.mp3,119.994625,9786043cedd17e802280b0d1bd69a0d3bb347136266d392fa0985c96db67005b,20260819
196,196.mp3,1051201,audio/01/1051201.2min.mp3,119.994625,202fd9a1834a68b8092f19eaa00784c05a7eae6048a0093a1d69836ff3b7bb3e,20260819
200,200.mp3,1055022,audio/22/1055022.2min.mp3,86.961750,55a2367de8ee12a04be96df5f0563eddc5e41d27378d5ffba0163cf260f18b0a,20260819
201,201.mp3,11841,audio/41/11841.2min.mp3,119.994625,62690702508602ed69a28679a48ce21c247be887ba012284d5816639c52caf93,20260819
202,202.mp3,357273,audio/73/357273.2min.mp3,119.994625,c2e58b881eb8230da5d598c81a96eb970ad2e227355742f21214a322a292b061,20260819
203,203.mp3,43988,audio/88/43988.2min.mp3,119.994625,3b70a14b745cfd1c8483262c1b4e04a0292e5d69b6ee2596d36b70de5d2dc95e,20260819
204,204.mp3,25246,audio/46/25246.2min.mp3,119.994625,49589cc2b16bccf50a6e3d0e4e9a1637ba83f8504fd8d17fc046f8c8eb14cded,20260819
205,205.mp3,1214580,audio/80/1214580.2min.mp3,119.994625,d84df8e6ebced59fa935ca1f2faeec619b391d2e091cd794d4c523533fa5670e,20260819
208,208.mp3,208937,audio/37/208937.2min.mp3,119.994625,1ab993a1df6f53f83741528b46688d040eae4a996eee916699cc9c3c11065db7,20260819
210,210.mp3,145949,audio/49/145949.2min.mp3,119.994625,a7f0c8f7ceedf8cb85befe848fdb8391560a9fc9932defb9b1a897d973bb04af,20260819
213,213.mp3,285381,audio/81/285381.2min.mp3,119.994625,42094c12904660b9ec876ca516d9f256df9e5d721d93a06b7cfa1d00873e4675,20260819
214,214.mp3,464504,audio/04/464504.2min.mp3,103.320750,022f686b1cf8aa47bf3e8e563fd08a3d2758716603915ad8b7d4f434ff1b6c9a,20260819
217,217.mp3,5340,audio/40/5340.2min.mp3,119.994625,a6918901078a109a1158a5f493c417b582322a744757225c1ba377b0bb398f0a,20260819
218,218.mp3,201905,audio/05/201905.2min.mp3,119.994625,2eb8b3d5b2909bad6ef3065567e41629014eb6b3b7d8c9559e4375d8cc360da7,20260819
219,219.mp3,344323,audio/23/344323.2min.mp3,119.994625,8109eb4890bd6369ffa96e4249c8b4404671c91a63416b1b251d9acb6c022a15,20260819
220,220.mp3,832634,audio/34/832634.2min.mp3,119.994625,a3174a1d1aaa804cb6d84a04ca0656f9405964e4bbf422caad89080a314df755,20260819
223,223.mp3,461015,audio/15/461015.2min.mp3,119.994625,e5f3b569ee407e4e57fbd55ffc7b4787d7fe66360664d3998e2e562cb76d2f89,20260819
226,226.mp3,1169728,audio/28/1169728.2min.mp3,119.994625,a4dd430147e264228d0d8fbb55e94fc67bf7f405ed62ac644ef6204ebb14f227,20260819
228,228.mp3,1050845,audio/45/1050845.2min.mp3,119.989000,74252e9cea56d96fb37581cf70247869e4b2f442d803420280c851e6cf2ca3ba,20260819
230,230.mp3,1187965,audio/65/1187965.2min.mp3,119.994625,388d0014da0c6b397c1843c349d91bda824230ecf094f966c8b512f2e80c25fc,20260819
231,231.mp3,418240,audio/40/418240.2min.mp3,119.994625,9d3ea097e0a2cac0373c80e663fbec0ddb077fff4028f4a5b46cbed36023d6a9,20260819
233,233.mp3,108650,audio/50/108650.2min.mp3,119.994625,195b71bb4ab0a3cbfd84684ac4a9b391dad80ae87f929a6f892b68abe8c72aac,20260819
235,235.mp3,296238,audio/38/296238.2min.mp3,119.994625,7337041273d096f7024335644dae5d521a5271ad24008b9f9775fbfb96c76d5f,20260819
237,237.mp3,285674,audio/74/285674.2min.mp3,119.994625,9ada9f92af95dbb6164b8323358e6d760a5dc5770a35e42ecbab8deff19ccb76,20260819
240,240.mp3,5347,audio/47/5347.2min.mp3,119.994625,ac66ef69fe7031cc8d236dbd46d15ac9257f9af214b92b6a38e1f083599285d2,20260819
241,241.mp3,785415,audio/15/785415.2min.mp3,119.994625,43cd71a96bfdfd2d782a30d0ee1aef3c87807e85ec64a53794c63fdcf1a1b328,20260819
243,243.mp3,1245186,audio/86/1245186.2min.mp3,119.994625,fee3377c273ba4a5fb1b1401c3c539e9f67396f85b81b659fa111be2ce6f1f52,20260819
244,244.mp3,986583,audio/83/986583.2min.mp3,119.994625,9623a9a7cd16ec014ecab147d636387fb3bbd25c8b51882472d53f70f6ae62f7,20260819
246,246.mp3,272434,audio/34/272434.2min.mp3,119.994625,33b16ef36e32cc510c37138352d09b19f8763ac91cfb40dcb3d9b1e0e0625ab9,20260819
248,248.mp3,307395,audio/95/307395.2min.mp3,119.994625,89f5f9822b828fb2fc113cae866a75d96b3bfb269c30dae46640a4fc397821cc,20260819
249,249.mp3,1169731,audio/31/1169731.2min.mp3,119.994625,96a186be6afe8d0cae9ae37ef80aa16d61ff6e1e9be62aa7ca6967e6e0e3386c,20260819
250,250.mp3,1116406,audio/06/1116406.2min.mp3,89.906125,b1f90d3bb231fb0ea321fd4dcf4d4c7db5edc8b2882fbdf0545ecbba1ae2fe48,20260819
251,251.mp3,337825,audio/25/337825.2min.mp3,119.994625,4de61a5af979996fb51e91a002db7fc169de5bffc29beed19e4c7c79e9dd8c33,20260819
252,252.mp3,1267343,audio/43/1267343.2min.mp3,119.994625,98621471d2f3bb6e67c3ec715523a8a26f31c1dbea0939e28108dd029d6ffea5,20260819
253,253.mp3,212013,audio/13/212013.2min.mp3,119.994625,1dbaba6d8e6d6edb531410d4502afc5feecf27c7dfbdc1ed41ca9dbcd95c12cd,20260819
254,254.mp3,354913,audio/13/354913.2min.mp3,119.994625,a55a658064e70f7f775af0217840c94482fff595f86a23c2f1bc7ae35e6c1fcf,20260819
255,255.mp3,1162034,audio/34/1162034.2min.mp3,119.994625,da43a86cba48dadf952d54aab8dcb4782be7a30f3ef10099a3a8cb38c83acb75,20260819
256,256.mp3,145964,audio/64/145964.2min.mp3,119.994625,dbe290084b4eaf02f5bf6cf5cad8d7718da11b213a068b12430f194979081514,20260819
258,258.mp3,1169730,audio/30/1169730.2min.mp3,119.994625,a4d0235b3b2bb48bbf834df0aa8f2222194fd19348fb70a52cfe21d1b14a9a5a,20260819
259,259.mp3,1341055,audio/55/1341055.2min.mp3,119.994625,b75ad33a4f8ae46bd567131bc7a041a7b92b9bd4c7488f86d467c4b3ae7ef177,20260819
261,261.mp3,1245191,audio/91/1245191.2min.mp3,119.994625,b222d43ce75b54db226dce3be86a37a044ee16a69fb5c4419338cf506081707e,20260819
262,262.mp3,1121390,audio/90/1121390.2min.mp3,119.989000,4758103c235c8ed636b7008ff4e41b34a310db7e2be6375c34a346ddb4d27029,20260819
263,263.mp3,296236,audio/36/296236.2min.mp3,119.994625,8dba90e6a4bb741b3933ec7e749420aad2a48d14676f205d8362319eaf61c248,20260819
264,264.mp3,425761,audio/61/425761.2min.mp3,119.994625,06c5f7cb605295df52abb6eb32a32f29c434d0922cf3f07c85a068223ab0b03c,20260819
265,265.mp3,1357005,audio/05/1357005.2min.mp3,119.994625,a20d6d01932cd8316c9387979a86737c478712f893e02a3c9095615c05c20378,20260819
267,267.mp3,1162021,audio/21/1162021.2min.mp3,119.994625,327802ad2beb76becd650aae6c62f0f71d34c45234ae6cfbe67e8fa05ec63897,20260819
268,268.mp3,1336429,audio/29/1336429.2min.mp3,119.994625,bdf14fd4c5397f5bb5364c9c78ef758edd184cbafba39993b36ab51a29f54bb8,20260819
269,269.mp3,686755,audio/55/686755.2min.mp3,119.994625,3f8a9bd40274283d975c38472b0de1a410f76d61eb1e1b4e87c853d35777249a,20260819
270,270.mp3,786935,audio/35/786935.2min.mp3,119.994625,cfe5e46607bae5f4c9c6ce885b9a6ffa6d777bbc5f30f2ec97d46a187d3727d0,20260819
271,271.mp3,786939,audio/39/786939.2min.mp3,119.994625,36bab921c0ad52939dec97919ee79da3f51af2490e8e0bce60dcdcff6f469105,20260819
273,273.mp3,145969,audio/69/145969.2min.mp3,119.994625,f87076b7a80bbbdce9df315a6a1f870e226e8c7c637f0ce02817039bcbf1496b,20260819
275,275.mp3,938052,audio/52/938052.2min.mp3,119.994625,b1efc8ffba293be9c96463fb980b33171a0f612faaf6570a12ed5d1da5b8d79a,20260819
276,276.mp3,172021,audio/21/172021.2min.mp3,119.994625,ae9bc804d3f2ef6b090be4b65c4cb22abc61d767936f480f25b6b909a24fcbd6,20260819
279,279.mp3,873819,audio/19/873819.2min.mp3,119.994625,a8485fc6079c1a3c997358174906ace2b48c8d244055f746151b457292ef5edd,20260819
280,280.mp3,461544,audio/44/461544.2min.mp3,119.994625,b1771dfd3ddf0c9c8ca99d9669060fc434e9a586434b402c3df1248e4e22b7ab,20260819
281,281.mp3,190871,audio/71/190871.2min.mp3,119.994625,21a04e060367b53f5364c481a16672544f5eaa2ec40569aab4ac53d72953f0bd,20260819
283,283.mp3,1245183,audio/83/1245183.2min.mp3,119.994625,63e66c550eeadfa4843b075b2f6c09ca37ba0091ec9f4d7fc560513602b0510a,20260819
284,284.mp3,376422,audio/22/376422.2min.mp3,119.994625,8a343cc19de84973a854d9d372d94abc776cd12734542857ac93a99ddce052ba,20260819
285,285.mp3,276988,audio/88/276988.2min.mp3,119.994625,f465cc64ce1416acf161f2f2ede138b4131aeb05a3a70135e05379241e8f2359,20260819
286,286.mp3,1078392,audio/92/1078392.2min.mp3,119.994625,cf1e2712f783f1d6149644c4370c0fa2c3d18f7ec6d2f1866393a4e91ff40c03,20260819
287,287.mp3,285504,audio/04/285504.2min.mp3,119.994625,76d749e2dd5ec40c83668a5f6a0e9e0f261a191764ca18e952eb5253970318aa,20260819
288,288.mp3,24837,audio/37/24837.2min.mp3,119.994625,a36190c7974d45a04d5f7f9c3aa7e20bf3bc12df924d1c56eba40cb0b6de67eb,20260819
289,289.mp3,1156051,audio/51/1156051.2min.mp3,119.994625,86d1c667de896b23e21dc8643fb31f36556b8d03a4b70abe11532482661f6400,20260819
290,290.mp3,1033252,audio/52/1033252.2min.mp3,119.994625,028002610d02bda0c18b0374f22349d04602659c30ff9c582a3c9b2b8ea16fd3,20260819
291,291.mp3,865116,audio/16/865116.2min.mp3,119.994625,d2a98af904a40c0f4c052a91a596797555981c4095196ee26109d8d1cce9dbbf,20260819
292,292.mp3,108303,audio/03/108303.2min.mp3,119.989000,04acc4d0fdc96a72d0bfb7ce6161f50e0487d853be084ecfabcfe1ca6df7b72e,20260819
294,294.mp3,95581,audio/81/95581.2min.mp3,119.994625,d62c7c332bfed2b6c1784ba0adf27271f239c36136709bd6e399d1cc675121ec,20260819
295,295.mp3,357361,audio/61/357361.2min.mp3,119.994625,edfb67d9cbf0ec02eb00580682f18c88e9e031facedd686dcf413a5629e3f478,20260819
297,297.mp3,1156053,audio/53/1156053.2min.mp3,119.994625,b9b52be2ee7fa83e91c03635ea87329745f03c67caa4dc72a53465cfe5beed5a,20260819
299,299.mp3,285383,audio/83/285383.2min.mp3,119.994625,53e2ad41f2ae55f4b0925ecc8930d41f5297a94f36811573a905ba82c19aa241,20260819
300,300.mp3,976784,audio/84/976784.2min.mp3,119.994625,3e2443e44733ef2fced8a54269c14ba0376b1514d104e59b349a55188eb789ed,20260819
301,301.mp3,415083,audio/83/415083.2min.mp3,119.994625,62d3e5e55e1e02a4d23b49b1d2066bd3e7bbfd23df9656d3a8c6aa8cb55a4661,20260819
302,302.mp3,402055,audio/55/402055.2min.mp3,119.994625,a7edf70daa511bdf2cfea9a9dc63272d1ce56d23f59a60192fd97095b9584e5a,20260819
303,303.mp3,172017,audio/17/172017.2min.mp3,119.994625,2db6c2024b85d6341449f78cb4a5eddcb994ccbfa9e58372c5f2bcb197c6224e,20260819
304,304.mp3,938293,audio/93/938293.2min.mp3,66.815875,050d1ec02bcafc976b137e43ef35f2f82c398be5c18ee45c373793b49d311ed1,20260819
305,305.mp3,1113971,audio/71/1113971.2min.mp3,119.989000,113fe47c5102a05e326a07403c75d2ef2ce93cf15bde6c874a19f4f68bc21c76,20260819
306,306.mp3,172015,audio/15/172015.2min.mp3,119.994625,bd80948c503afdf2a8abfddea094bb4828252e65a34f181a10949aac5a776fe9,20260819
307,307.mp3,437793,audio/93/437793.2min.mp3,119.994625,716ad53753e83663b621aa307ed6452d26c97728d8a37830fa54cb37f81fc240,20260819
308,308.mp3,134057,audio/57/134057.2min.mp3,119.994625,9fe3e63bcdf6f3d971d8e4fa8a7891bed30573bedb42d1ee70c7feadf2523ce1,20260819
309,309.mp3,1350313,audio/13/1350313.2min.mp3,119.994625,84e59279c80b6d0342a74ca069eb3a28f5c750b4b45d90bc837c886987fe9390,20260819
310,310.mp3,25379,audio/79/25379.2min.mp3,119.994625,53b5673c6b19ff316d23c2df714fb33a226210e5195faf1a0d23b8782049ca3a,20260819
311,311.mp3,357330,audio/30/357330.2min.mp3,119.994625,5819531ab620f3ca1ae4a46affe88020e7e8127a32d4073a24bc3c25715a6041,20260819
312,312.mp3,304773,audio/73/304773.2min.mp3,119.994625,1ec61782583c85a0ef1d290a054487200c31594d6c87d0930466d9b2c5a90083,20260819
313,313.mp3,344328,audio/28/344328.2min.mp3,119.994625,da703f7f55d7c618bbab1f90b4a44dd79e0227f351b2f68de69a137396cbd602,20260819
314,314.mp3,1350957,audio/57/1350957.2min.mp3,119.994625,262ef07e9f540cd26ef3d2ce4b1024af911b4d5b109825465c47240cbe901e25,20260819
316,316.mp3,941154,audio/54/941154.2min.mp3,119.994625,a450e8a0988e8092d1060cfede4f3ec154efbf52b32eda54b0a50ca9c1340a98,20260819
317,317.mp3,437791,audio/91/437791.2min.mp3,119.994625,5c3de8f60a2cef11c62955c1b145b9810703f5a9681aa74d08c9e2360f03e45a,20260819
318,318.mp3,1315725,audio/25/1315725.2min.mp3,119.994625,b539d81f112769a01657c96b249d85daffeaae139e01f0055a408d7248a996ed,20260819
319,319.mp3,135660,audio/60/135660.2min.mp3,119.994625,fd0cc0ca0603c087f901a31e1da30374a9084af24359f91873746f41e5a16961,20260819
320,320.mp3,509068,audio/68/509068.2min.mp3,119.994625,e13e357f11b250e2cd53909cb733085535fba22d8238ce7b4284b72babf53049,20260819
321,321.mp3,83867,audio/67/83867.2min.mp3,119.994625,a9b0e9620cc1200bbc508938dfc67f54062b67dec0fbf0d9ea50c8993b363d9b,20260819
322,322.mp3,6008,audio/08/6008.2min.mp3,119.994625,a8f068602fac9418d76e2d4c73d1b2a2cbda11b4a70654c3932e76d81b25ca41,20260819
324,324.mp3,1313073,audio/73/1313073.2min.mp3,119.994625,a9477538df11a2e892d773e8632247ed20a7b1542028caa060b38df95822e214,20260819
327,327.mp3,1067070,audio/70/1067070.2min.mp3,119.994625,6fbddc86cfb34ae00dc5e9308d96f875625d840de90e3be54297577fbf208967,20260819
328,328.mp3,226,audio/26/226.2min.mp3,119.994625,0461604f4cc15a85839685647a7a1a1c55450e0095e61960a241bcf6d092fab7,20260819
330,330.mp3,1063454,audio/54/1063454.2min.mp3,119.406125,7283a28ae3d994719d3e7e68feeb5b17ddbc6cbe3e441feed81a1b40365d4d6a,20260819
332,332.mp3,172031,audio/31/172031.2min.mp3,119.994625,f3038dc908b87ea6e5310086b7173a1516997dbc6d5dbb1df7a08eab3c66fa47,20260819
335,335.mp3,1108553,audio/53/1108553.2min.mp3,49.956750,f118043c40c2ab162f53d38fbf2fde7cf383896159856eb50de2d91dd4f12b19,20260819
336,336.mp3,271119,audio/19/271119.2min.mp3,119.994625,77d381be5ab9938fcf968235c8c7db9ee9dad3bf69d607ece0d4de129c760201,20260819
337,337.mp3,1176656,audio/56/1176656.2min.mp3,119.994625,073d7998d18b083a944250e1acba231923c2224dc7dce2740a76e2ea798b8fde,20260819
338,338.mp3,7248,audio/48/7248.2min.mp3,119.989000,3c753e758e631f14d085f0e127f943297f0327219dd7e5b74a95c3f324e678b9,20260819
339,339.mp3,1166070,audio/70/1166070.2min.mp3,119.989000,39aaa93511d7075dfb4161d91a8c5c3d57ab802ef47cb2cd845bb2a297b92e44,20260819
340,340.mp3,188296,audio/96/188296.2min.mp3,119.994625,00cb1538ee41cc75ee5d4c702a3bd9252f7f07b0292ae9a089bd992967a309ba,20260819
342,342.mp3,1162101,audio/01/1162101.2min.mp3,119.994625,b507871c0bf80e2eb336a1a7845211afa41bc5a2b6abb58c3473069b5bcb2299,20260819
343,343.mp3,1051197,audio/97/1051197.2min.mp3,119.994625,1c466cb906c4088ebc0550061feb0dc7e617e44f9c8df0b4a30fc760d3f91e81,20260819
344,344.mp3,89805,audio/05/89805.2min.mp3,119.994625,23f8c6c016487908deb00bbd8b92ec82b13868379f01801525aa8f940367c7f9,20260819
345,345.mp3,632094,audio/94/632094.2min.mp3,84.890000,c4e7022277a51e8e0069b90b481cb88e1a033b283e06554820e4d74892ba7de5,20260819
349,349.mp3,1187978,audio/78/1187978.2min.mp3,119.994625,a1fe4998eaa85490c1daf224ef3e90fdbe753107341353fdb81f222d03122c37,20260819
350,350.mp3,1221997,audio/97/1221997.2min.mp3,119.994625,46562cb28c147d92f3d53245456d24705a6820b01c95c34e13e6d179c3f1b937,20260819
355,355.mp3,1063331,audio/31/1063331.2min.mp3,119.994625,392dd6563a959d47f68221bb1712c01f54f897e3f136c40998953d4711cb46ac,20260819
356,356.mp3,1242780,audio/80/1242780.2min.mp3,119.994625,75b10f2b1a0d3fcdfd92c83217d87b09271d99d4f5b8a83255c4dfb8760ee516,20260819
358,358.mp3,1151409,audio/09/1151409.2min.mp3,119.994625,62fd7958a4afbdc9620a4004dbe2079328f35a68e579d952f2bbf51522098ed7,20260819
359,359.mp3,1134446,audio/46/1134446.2min.mp3,119.994625,02f2d9b81184754014fe60f80a3840c4bedfded2f02237aa5d59ee8aa3337ad8,20260819
360,360.mp3,415050,audio/50/415050.2min.mp3,119.994625,810c21dede5e7b454a2619d447ce3a6619232b74400c943cdb2a29eda5e16d34,20260819
361,361.mp3,1066198,audio/98/1066198.2min.mp3,119.994625,91d0abb3c024ffce4f42f4b8861d3d9f019be8e6e83771c9026a1c2d474cde4a,20260819
362,362.mp3,1350853,audio/53/1350853.2min.mp3,119.994625,392bdd482fed519b2332d2d42d3035025056f9039a20fa7665b666b44ba44054,20260819
363,363.mp3,1089085,audio/85/1089085.2min.mp3,119.994625,17845df923ded02816fd0f8e975deb76b6db874a53b480d31c2023fdcaa85412,20260819
364,364.mp3,818610,audio/10/818610.2min.mp3,66.741500,abb193aaf79098c203a40086b369cf17cd275e612ba09997b6e4c3d61c4a3e5f,20260819
367,367.mp3,357210,audio/10/357210.2min.mp3,119.994625,afaa0f3f4a07061328530d914a26bc398ae462b3dc3f005a0fe01e4c2e7a23db,20260819
368,368.mp3,257059,audio/59/257059.2min.mp3,119.994625,c8670f952f1754b4077a9560c2ea4a30513e4aa62711bf88bfa982288fa65dca,20260819
369,369.mp3,1051198,audio/98/1051198.2min.mp3,119.994625,d30671da61f9dea2dfdb7a9244d99d21b97d2f4a421ff29e584d2412d9748909,20260819
370,370.mp3,981782,audio/82/981782.2min.mp3,119.994625,1b392846147ee21c5054773407d3befd7f6887e50f9bbaea357a0d9f4542ea82,20260819
371,371.mp3,461014,audio/14/461014.2min.mp3,119.994625,74e13598015dac138d19564c1acc49e2abd48d4136cfd1a01b7f7b73dc2318e3,20260819
372,372.mp3,124358,audio/58/124358.2min.mp3,119.994625,1ce9f8725ad810e3f0d009539b1f2e55b5732d6df9d375963bfbb89df12f73ff,20260819
374,374.mp3,1169729,audio/29/1169729.2min.mp3,119.994625,19540f6086c5d594c2cc87061624ae520ca27918f8652aedf07da93480999723,20260819
375,375.mp3,208938,audio/38/208938.2min.mp3,119.994625,08676be21bd57e8957908d1fa7d618d00346f841dbb41fdddce09f0f8136c4fa,20260819
376,376.mp3,1356312,audio/12/1356312.2min.mp3,119.994625,a8d843b891f787e4a210a65cd90921261686cc2edcc81f4e5b6dba0702011b27,20260819
378,378.mp3,6007,audio/07/6007.2min.mp3,119.994625,eb28e0764de42e79936d8896766b1493d81dc73e74a138d6b90b69db2bc83276,20260819
380,380.mp3,1162014,audio/14/1162014.2min.mp3,119.994625,8ffb01dfff7c44a8d85d8d7f0a0e62a9eb47e16c48609ad431bd5047fcd40293,20260819
381,381.mp3,617335,audio/35/617335.2min.mp3,119.994625,d373c3bc51dd1020d01c523e00da68ac6013f52e92b3705a778af3c73498abdc,20260819
382,382.mp3,246601,audio/01/246601.2min.mp3,119.994625,950badfbec5f441d2460a032df4b1597b4d08e0a50fa883481ee337e44929a80,20260819
383,383.mp3,1179160,audio/60/1179160.2min.mp3,119.994625,efad303cb501abd88aa845ccd9a8ad628465f5c642ebc05e4bb93d0211b71b49,20260819
384,384.mp3,945195,audio/95/945195.2min.mp3,119.994625,7cc261e4a6199689d04aa31c2ff183a7896b227e882d75f7ac51d66f115ed4e4,20260819
386,386.mp3,103892,audio/92/103892.2min.mp3,119.994625,deb847048e4845b54dbc5373114f3746a195f4ed0e6b8ca3fc01e5101e08beed,20260819
388,388.mp3,409692,audio/92/409692.2min.mp3,119.994625,16088c29cb82df97c99a7490c38957268c192541abff1ff7d57d0c64cac2387c,20260819
389,389.mp3,24838,audio/38/24838.2min.mp3,119.994625,f0afc34e1a6ec8fd7f44a7995d721be7f36f24c21db2f981aed841dd7bea0f64,20260819
390,390.mp3,181523,audio/23/181523.2min.mp3,119.989000,71597e4e6f3ce276d1231490e0fa4f13f375cc81d2248a1f0fb7772a6bafe9ab,20260819
391,391.mp3,1151403,audio/03/1151403.2min.mp3,119.994625,635c9f77c27edf3783e3d3a85b5ac5fa6389174c1f5adab033181d7e0dc33e9c,20260819
392,392.mp3,461018,audio/18/461018.2min.mp3,119.994625,29ce06d7b81e33672ebf6b49a3d8cb08fae522d066d7122b3e25516c29b00684,20260819
393,393.mp3,376419,audio/19/376419.2min.mp3,119.994625,dac081dc16fbfe4229f1ffb1e9a3d783b253ca11fdd28215aba197feb07dfa83,20260819
395,395.mp3,880702,audio/02/880702.2min.mp3,119.994625,c41b0f8291d92329ee187478768ec817a93275152be8e3d89639ac6f231e6542,20260819
401,401.mp3,1169714,audio/14/1169714.2min.mp3,119.994625,e5aa51af11b9cf7d396323788b0cf2e8864e68994e54b083c0109f6be6aa0e42,20260819
402,402.mp3,1051193,audio/93/1051193.2min.mp3,119.994625,33427c6fec05bd96b7b1896155242d465115c29918420f5b49fb84adf3040b24,20260819
403,403.mp3,1336413,audio/13/1336413.2min.mp3,119.994625,d231f0f00ca9fdfae49f8761ea6b47866a711ce472d3b1e4485324c74112a682,20260819
404,404.mp3,354778,audio/78/354778.2min.mp3,119.994625,b617b4130355d60a2d99e44e01ae240dc77110ceffe0dec6739baba0c322d380,20260819
405,405.mp3,242349,audio/49/242349.2min.mp3,119.994625,0661ad9ee8ea989154c63e224848f12731dc26d5691acdf028a4f972a124f4e2,20260819
407,407.mp3,1356871,audio/71/1356871.2min.mp3,119.994625,7826caf3ae9db083ebb4c6abc9af930a12c923287d40dec1c1c420e00ae54cec,20260819
409,409.mp3,7247,audio/47/7247.2min.mp3,119.989000,3b3c4255ce2c897b0db93a14d0fa96da50fbd921935f0159a3e30ad53694c002,20260819
412,412.mp3,347879,audio/79/347879.2min.mp3,119.994625,96d56564c849b35e64b8c86adcbd8ea877d36bf76231aa4d3784b6fd740ea208,20260819
413,413.mp3,907121,audio/21/907121.2min.mp3,119.994625,4cfb0cca052f3e247e631bd065d35fd6ce7184eebe2f2dd964d122f5536e1253,20260819
414,414.mp3,135661,audio/61/135661.2min.mp3,119.994625,0a76eb4bfe885d2d7943413ac8a2ba0d7f013a0d636539b5235e391547b18830,20260819
417,417.mp3,1169710,audio/10/1169710.2min.mp3,119.994625,8f1e8f28fd930c59361d1c2e47f0d8b1d950a22fc4710943879bd9ce2ba7a5d9,20260819
421,421.mp3,938065,audio/65/938065.2min.mp3,119.994625,27d6392d919e944ab46d7bcf4bdb350da8ce0b852b61a1bda37e82357ec97f35,20260819
423,423.mp3,1178762,audio/62/1178762.2min.mp3,119.994625,43485d0b189fd7f4ae3edba019d7c24c00d5261cf2aa6112d2bc8f3c98538f31,20260819
424,424.mp3,12305,audio/05/12305.2min.mp3,119.994625,b3e39755c1f366f3932980c13f478f4203febf7fb7f272fe5a0bdb891a5a45ba,20260819
425,425.mp3,76656,audio/56/76656.2min.mp3,119.994625,3fb39b0efe0d1aaca618ef7447fc29c6fdc16ddfe94f5d1d71267f9d2e88c63c,20260819
426,426.mp3,323090,audio/90/323090.2min.mp3,119.994625,f5528cf6e1e0fb477a711071d6c63a20ee145bdd805a27e3dfb60a5bfbfe53ec,20260819
427,427.mp3,12303,audio/03/12303.2min.mp3,119.994625,9469877e41484d356ae6f16a673430cd2944d37ae1029c50ece034a33a1c423f,20260819
428,428.mp3,190781,audio/81/190781.2min.mp3,118.037625,ece014bc81a45233c8eee658474ac36e3b54856687ad9e7edd4683727f61e514,20260819
431,431.mp3,617330,audio/30/617330.2min.mp3,119.994625,625f074cc284167a0457d53d78d3a3a843bca3993aec0b8db4d3a9783e864425,20260819
433,433.mp3,1357128,audio/28/1357128.2min.mp3,119.994625,1193cc54a1c3edb73ba5cc1d6902f8cc2607fe433ecc0832957956cdfcaf98a5,20260819
435,435.mp3,39102,audio/02/39102.2min.mp3,119.994625,18211a7ac2084be72cb67c75a3d8e4987abcde310e22321f131d216c57452dae,20260819
438,438.mp3,43886,audio/86/43886.2min.mp3,119.994625,feccbfe94658971eac96a01f072181a5148b8b402d95f0bb43cd4c87b53a0d6b,20260819
439,439.mp3,373229,audio/29/373229.2min.mp3,114.439375,0b7bf05ed97d1f4b2ca4855ab7c608afb2cc5220d315961853fbc3ba6809068a,20260819
440,440.mp3,1136142,audio/42/1136142.2min.mp3,119.994625,92a9b7f4528f7dad865b65ec6815404da285dbb83c4dec8ec7fa32ef6d4b8683,20260819
441,441.mp3,5345,audio/45/5345.2min.mp3,119.994625,e140bfb36dc98c01db0968d3018689497cb97d0c3958a0748d0660d3b4bdeed3,20260819
442,442.mp3,397582,audio/82/397582.2min.mp3,119.994625,307b986818526d5615a1a8b27f0dc709817c11f67bde26eb4848a715c172b5d6,20260819
443,443.mp3,882462,audio/62/882462.2min.mp3,119.994625,041b59dbea70ce0201528ef95331402f804b6bbe960064012ef4c70c42c1a878,20260819
445,445.mp3,344326,audio/26/344326.2min.mp3,119.994625,5ed32a6dabe8abc581e7b159775f0c89aca4bf1dda3f5a4c1f1932a393c3821b,20260819
447,447.mp3,415208,audio/08/415208.2min.mp3,119.994625,ed7ea4e0be02381799ef3ac02449c1d94c0fb46c551d96a0f8e2b7e7eb2c6c43,20260819
448,448.mp3,1347915,audio/15/1347915.2min.mp3,62.306125,fb921681c4e0896dda9e116f2689431207348dd30e8146044ab73bc46763133f,20260819
449,449.mp3,1153922,audio/22/1153922.2min.mp3,119.994625,6a7910c6d690cfe847f4b339a7d329d9a74826339476f286489a1364853a0963,20260819
451,451.mp3,1357117,audio/17/1357117.2min.mp3,119.994625,a065ef879f7d2f83a3556bec752b8336b5953d69f6e596b38b227c4d03a51f22,20260819
452,452.mp3,5339,audio/39/5339.2min.mp3,119.994625,835f2b495aaceaf81c8c4b0b96d47a107f9264ff7009ca866aecc3ab16edffaf,20260819
454,454.mp3,1320571,audio/71/1320571.2min.mp3,119.994625,b9e4f55697a24815923794e49b7608a62ed9bd3094257cdf9ce2b443c9bd293b,20260819
456,456.mp3,1107251,audio/51/1107251.2min.mp3,119.994625,688ee2115a066a6b3530f51ec2dea635f3871f069335a81299354f74da7541ce,20260819
457,457.mp3,1156054,audio/54/1156054.2min.mp3,119.994625,7ce70d55521fea0313706d8f89d12b804e5c80396ad13b385a2eb2b83653eef9,20260819
458,458.mp3,190869,audio/69/190869.2min.mp3,119.994625,076c572c643c093089fde21c487895b214e8293bd8a224be33b9de76aa7ca6d8,20260819
459,459.mp3,371237,audio/37/371237.2min.mp3,119.994625,40c5cdf1b94f100bb46a215a8d05c99d950a10bde15d10b70c4dfefce9bfc076,20260819
461,461.mp3,1051195,audio/95/1051195.2min.mp3,119.994625,5eab0eaf07a6d041742879ffb7500a025c96e0e699bd988edcd59c3763c3ff04,20260819
463,463.mp3,88214,audio/14/88214.2min.mp3,119.994625,95bfd1c165ad77267b234c37da01b979ff469f3e9226a7f7a74bf447afd0da16,20260819
464,464.mp3,727905,audio/05/727905.2min.mp3,119.994625,27e3f56acef1f629464a7a7bc434d6cbde4ca4602c4738f1241728a0c9ac212c,20260819
465,465.mp3,389520,audio/20/389520.2min.mp3,113.621000,5691a6244a5898995a4bbe3c8e3f93f849873ce670a4a50065bbbbf387905a84,20260819
466,466.mp3,76660,audio/60/76660.2min.mp3,119.994625,bd44c578c19aba137483ce8af6b51c9a731be20065304866e6855d6c0a9d0f49,20260819
467,467.mp3,785423,audio/23/785423.2min.mp3,119.994625,c52ebc8bc975158fce71ca499e400fda833c1d08de4000ed5252deb8fc049ab8,20260819
468,468.mp3,181803,audio/03/181803.2min.mp3,119.994625,eba80454377ba175d9d03bee858e7cc47400f2e09a212d16ccbf02669fef3d9a,20260819
469,469.mp3,1014963,audio/63/1014963.2min.mp3,119.994625,f919fcdd8bea107cfd4505b8a99776082c18369ae3103895461779971eb91178,20260819
470,470.mp3,5341,audio/41/5341.2min.mp3,119.994625,9f897ffd173bf6ecf58e9301910ea66e77fe3570fe8b689e523b1c29cb4f1a42,20260819
471,471.mp3,6729,audio/29/6729.2min.mp3,119.994625,00686ab0a3c6b13a1d4b3731ad1629aedd42a8c41091bc367c3220b02b8e46a3,20260819
472,472.mp3,1281499,audio/99/1281499.2min.mp3,119.994625,93f5be71d8b5a2d5d4d59b401e5d50a493c20b7bc4c3289baa5e0afc0ddfab06,20260819
473,473.mp3,1122012,audio/12/1122012.2min.mp3,119.989000,64c6b75b531e35d26543cae699779e74c6cb373173ab15a8f4f89f38b6880a87,20260819
474,474.mp3,17176,audio/76/17176.2min.mp3,119.994625,061c08afde431420345ca6b79645073141ee960d6a33f35d8afa889864922f02,20260819
475,475.mp3,1051207,audio/07/1051207.2min.mp3,119.994625,a8fb75112351ff822363fa51417fe10e49e5fdec1811ff215fb9ee03bf2fccb6,20260819
477,477.mp3,973498,audio/98/973498.2min.mp3,119.994625,5259243a7e1d93a7736b422f20b1a18fb1e2a356fdaad7246dba9857991498a4,20260819
481,481.mp3,1343442,audio/42/1343442.2min.mp3,119.994625,b67fdd61e7184462b39f10a2e09683556d5b9a7ea7fc848f51ebb27983576b64,20260819
482,482.mp3,26440,audio/40/26440.2min.mp3,113.865625,50bc1965465c109163a78c722a79fcb69da2364fa86f1338986a4c85eb6d9b31,20260819
484,484.mp3,1294004,audio/04/1294004.2min.mp3,119.994625,c7433cb89101cff708f214600c5e18956e59c5600bcbe376b47f3dc044079764,20260819
485,485.mp3,244237,audio/37/244237.2min.mp3,119.994625,c9a478e39073b4227c1be97d54f33673d8f109d60109899aa7d688a0ded5b62a,20260819
486,486.mp3,642166,audio/66/642166.2min.mp3,119.994625,85924de1cc6172d3e47422292dabf1401b65ad38b80dfd5a3e53e62e4c89251d,20260819
488,488.mp3,11751,audio/51/11751.2min.mp3,119.994625,fef0085bd120f1d30d78f98d5c5d7ec867701904123a9d892b0ccb7659880fec,20260819
489,489.mp3,127590,audio/90/127590.2min.mp3,119.994625,aa7ab96255f5e5cf8a3b8bd4cd3b46fbc72e9c8f7ae11f5dccee478e0ab38baa,20260819
490,490.mp3,304771,audio/71/304771.2min.mp3,119.994625,c51991f937106abe91a23e7c135437a763569869cce6e6c42dc488066b988324,20260819
491,491.mp3,7246,audio/46/7246.2min.mp3,119.989000,e16eae72c95543218cfeec3ab784e5b507592c3fefc84fa00c077650ada5cc5b,20260819
493,493.mp3,1070256,audio/56/1070256.2min.mp3,119.994625,348df20a45fc0c0f827388e10a4ea700d6f1115af83595dfacc3140a076c669a,20260819
495,495.mp3,6719,audio/19/6719.2min.mp3,119.994625,03e354a9ccd21a0dfe4cd94f9029e27bf3ec05296cf3ba063b2207d40e92dd0b,20260819
496,496.mp3,366014,audio/14/366014.2min.mp3,119.994625,ac6e9a7857892a8627b0ce3dc1e1b7194b28c29732f02d2ef11700a696ef71f0,20260819
498,498.mp3,6725,audio/25/6725.2min.mp3,119.994625,5066c4b164f8ccbd12930ee7c5840ecd3b4fa5d80d5f315bb6255845f8628cee,20260819
501,501.mp3,75307,audio/07/75307.2min.mp3,119.994625,0c2802d37b1b7ec055ba4b7ace8510b9c37d216b2523dcd7c132d2b19515f7fc,20260819
502,502.mp3,103089,audio/89/103089.2min.mp3,119.994625,48c28750e94f2970ff75d15655265d5903e2eb9f66f8a189b12b727145b17fd2,20260819
503,503.mp3,6722,audio/22/6722.2min.mp3,119.994625,f18a0649659d5b3c56fcf291bc81886d917377825c4772e5198af48c43c4e814,20260819
505,505.mp3,25254,audio/54/25254.2min.mp3,119.994625,4243c7444f76900f1329f81ccb57571f65f58a5c0728175205705c6ad6219727,20260819
506,506.mp3,1126719,audio/19/1126719.2min.mp3,119.994625,c6f246844d63427268070541c876b25b7c8315d6693f26b086af33151eedba34,20260819
507,507.mp3,127609,audio/09/127609.2min.mp3,119.994625,8c979c5dea8cd53ca38c4673f8ebc2eb43e8e20540f8d392d67db23aa2390b37,20260819
508,508.mp3,668793,audio/93/668793.2min.mp3,119.994625,0025e4b4e6164568972f4764e6ffd7f615e3052c2ba6e279aa9db800fc28d5e0,20260819
509,509.mp3,1124837,audio/37/1124837.2min.mp3,119.994625,9861bc66e94af511343b160b37e20604afe294d5c013f4661cc4a5834466f5ca,20260819
511,511.mp3,40279,audio/79/40279.2min.mp3,119.994625,cd9280598423ba225f4ee5678a066f795a4f4e8199a3bd33d4e19f51696cd2a6,20260819
512,512.mp3,1138691,audio/91/1138691.2min.mp3,119.994625,ba20a534f30e9e64f7711aa8216696eba89c06c095c148d2f455387afb2e581b,20260819
514,514.mp3,1245182,audio/82/1245182.2min.mp3,119.994625,e89c03aeb281777eccfca1a5caac635161e5b0496a1c5dddecf999d5d5bd3439,20260819
515,515.mp3,510028,audio/28/510028.2min.mp3,119.994625,3b4fb7619f0d57139ff97f06296ad51f4626fee2f49fbc6adc63267a2112b3b2,20260819
521,521.mp3,387501,audio/01/387501.2min.mp3,119.994625,9884f35f78296df07b2214772f38b171c6abad7a8bcb0d3a7dc1defc76bbfc81,20260819
522,522.mp3,313061,audio/61/313061.2min.mp3,119.994625,d5bf1e6fbfb67cde280ca52a647cc9380e91d11682452c62acfa6cac4bd039ab,20260819
523,523.mp3,510027,audio/27/510027.2min.mp3,119.994625,a42fa6f5f5391e71ae174f8324dea7ad7bf9cedd040f7b35507cb809df01cda5,20260819
525,525.mp3,172018,audio/18/172018.2min.mp3,119.994625,e29f05369bdd454a20eb13333c2ceffdf4ec8fb125abeee5d47096481c7a14f9,20260819
526,526.mp3,957462,audio/62/957462.2min.mp3,119.994625,86e93c84c78b5c9b9535be9892eeb0fee9ae98d66051d526839dd95c3097df99,20260819
528,528.mp3,464545,audio/45/464545.2min.mp3,100.515875,f1caeefcc686613ab1f4f65f014152532055f16f8ba1dcc5a8d5a8db9f433e71,20260819
529,529.mp3,219026,audio/26/219026.2min.mp3,119.994625,8ec14c1975da9bf9fae3fbcc34c4affdfa16e3d1dc23bc6d49c3f4aec89783c9,20260819
530,530.mp3,1198562,audio/62/1198562.2min.mp3,119.994625,8cd5eead1e208cbfa7984594c1fe0c7a8ed365f3fbaa71b1d32654ca99429d96,20260819
533,533.mp3,356441,audio/41/356441.2min.mp3,119.994625,071bbe827dad64353642e057f48e58518928f0b681c343b08d37dd811c271330,20260819
535,535.mp3,1061564,audio/64/1061564.2min.mp3,95.723250,7117200577981cc4825668d8b5254d6440f8bb5ff605344fbe15c7d5420d1413,20260819
536,536.mp3,132293,audio/93/132293.2min.mp3,119.994625,7930615ab903ce33906665aa9f63dfaa31427c82b10fcacd0fe65c98b90b82a5,20260819
537,537.mp3,1169705,audio/05/1169705.2min.mp3,119.994625,d1e1b5c97dac66d9c66558fcceb9e65d07d842cfd27d4b0114df43ade3a3e3f2,20260819
538,538.mp3,1397144,audio/44/1397144.2min.mp3,119.994625,4388aaf5e05fc662819fceef61370aceb0634e6e2023bbf56d9aa9f1181fca5c,20260819
539,539.mp3,1243198,audio/98/1243198.2min.mp3,119.994625,113fd3e33a0d5433506dee656e0fd8966b2c79ea814e0905f3d84220348d7f89,20260819
540,540.mp3,1162103,audio/03/1162103.2min.mp3,119.994625,aa67e9d73bc74c41218b22b5b11edae9062f0eada15ec67550cbe6fcab23369f,20260819
541,541.mp3,1218780,audio/80/1218780.2min.mp3,119.994625,4f0c5e20768fddc1c517561e61d9cf10b3452b50f109126088f23efe04cb92ba,20260819
544,544.mp3,1233757,audio/57/1233757.2min.mp3,119.994625,c2e3945d115e29d10f90a88f06332a768d99f342553c3e0bf32453051011713e,20260819
545,545.mp3,402058,audio/58/402058.2min.mp3,119.994625,9a5e4d09e9d9e50fc139d46b6edd87cdb7a6d679a692b9513599e1ccf71679e5,20260819
546,546.mp3,458252,audio/52/458252.2min.mp3,119.994625,62b828b151fe3c5b653e8b142bb2f6ce31bdf25b8918944faba782fd2806832a,20260819
547,547.mp3,18500,audio/00/18500.2min.mp3,119.994625,9cc5fa7b0a098b82b78761a42b2f7410f7ce2fdf5ac8f07dedec6fe9f8f80c9e,20260819
548,548.mp3,492277,audio/77/492277.2min.mp3,119.994625,071cfa04d19a99d909268415c65f426ef00a92777a8a5018e9a9e838d48715ec,20260819
549,549.mp3,206596,audio/96/206596.2min.mp3,119.994625,cf3ea5b54c86d850ef7e979d646d5b1124c312766f1f3a5b98b94a4b37709b4b,20260819
550,550.mp3,78128,audio/28/78128.2min.mp3,119.994625,a9de8f2d48a2307875e82f471c5471dfc68404077778f2dfd85657de8a0037ae,20260819
552,552.mp3,11843,audio/43/11843.2min.mp3,96.839375,de338da43064a28b40afc1dd969db5dffc3132fbe8fcf5a6d631a8fa31b2a202,20260819
553,553.mp3,1162016,audio/16/1162016.2min.mp3,119.994625,56141df523a0cc950723be855062b7dd4f1bfb5d1a4b2375c7af8012c1436a2d,20260819
556,556.mp3,1194314,audio/14/1194314.2min.mp3,119.994625,2cd1ca6a983a18f7adcf3633b6b92bae9bcd8d14c3277654775db3f9b6239ff6,20260819
557,557.mp3,313059,audio/59/313059.2min.mp3,119.994625,67121554bf8fe80fd553aa8fa164ca6a548abd983b1bf5c4577a540feda6f555,20260819
558,558.mp3,686757,audio/57/686757.2min.mp3,119.994625,31adfa2c0efd2184c9b01d3a5bafa628108e45dda7ed359b871da3cf195e0355,20260819
559,559.mp3,1327741,audio/41/1327741.2min.mp3,119.994625,a1a0737e38981c81a96965605e657e70d9e74328d3b2d7d71f963d28a9bcd1d0,20260819
560,560.mp3,361002,audio/02/361002.2min.mp3,119.994625,d6b4d2d7044f75ac4df26c5618370f2ee4efbe75d4585787cf832ac9dfabe8c1,20260819
561,561.mp3,285485,audio/85/285485.2min.mp3,119.994625,79f81eeab28e930d2c679cba6e8680b037fc1f902defe55348e5a8a7368a12f3,20260819
562,562.mp3,957450,audio/50/957450.2min.mp3,119.994625,42f998f468bf03a868de3b703a4c41e7aa6d5197867d72d7b0ffcfffe6b1d916,20260819
563,563.mp3,304775,audio/75/304775.2min.mp3,119.994625,43723ed0fd1bc3a1448175fa2459707dae44ff984c40f4596bb8ce1e4119cb6b,20260819
564,564.mp3,1357118,audio/18/1357118.2min.mp3,119.994625,b050535d540860dfb2b4c4f7b807878a9c02005d7133bff18f8594d9948cb4a0,20260819
565,565.mp3,458251,audio/51/458251.2min.mp3,119.994625,43de94f78c70554114fe175b5e0846211a9beef51e3cdad749bc0d1cbfc531e8,20260819
566,566.mp3,119345,audio/45/119345.2min.mp3,119.994625,81d328daa8a620a6e4e5798a2cb82818091ccb369a5f5b71abad125a908b6fba,20260819
568,568.mp3,38768,audio/68/38768.2min.mp3,70.452750,7cce747f886eca0ede4974e9dc1c129d417375e1e2aaf09f73d8b54ccfd3feeb,20260819
569,569.mp3,1155158,audio/58/1155158.2min.mp3,119.994625,c3f67036b9bc6453751a25ff6a0a6447eab1562beebc96cca68b77e648245c54,20260819
573,573.mp3,437789,audio/89/437789.2min.mp3,119.994625,fa0a12ca584b830b874228aaf723aae1a11c24c4304e54f607f69d04ea1724b0,20260819
575,575.mp3,296241,audio/41/296241.2min.mp3,119.994625,c8f1caac58dc73d51eb2af863257c7cbd52b6596ccccb52b395aaf719536bd5a,20260819
576,576.mp3,1121847,audio/47/1121847.2min.mp3,119.994625,ef9984270a60d9753b0ac00c509f6bee339a7f9341288d174aa59cee3bf942c6,20260819
578,578.mp3,617341,audio/41/617341.2min.mp3,119.994625,c4485f3891edf236971f76d087706bcf82f5c2fb8e96a887f71d8d3697bb5f12,20260819
579,579.mp3,285486,audio/86/285486.2min.mp3,119.994625,1718175cd977625953cce025c7f72ef8b08706a8120100bde2f7ab32fafdde3f,20260819
580,580.mp3,636014,audio/14/636014.2min.mp3,119.994625,25c585507d851596aa291aa5026eef2b134d2edadd6820ff49bc4367ea964e34,20260819
581,581.mp3,1066204,audio/04/1066204.2min.mp3,119.994625,f522477d5fe3744565779666a0ffd2aed7055b864a05c60e183c93d9fca13fbb,20260819
583,583.mp3,973503,audio/03/973503.2min.mp3,119.994625,6658e7f5c0ca48f61eee805f3a1b15c7d996f279549a4c183b6ae05453d5f68b,20260819
584,584.mp3,145958,audio/58/145958.2min.mp3,119.994625,4a89f41971c32cbbce42206a339ec08be37224b3b30625d05cd0e0fce9a1e38a,20260819
585,585.mp3,1320573,audio/73/1320573.2min.mp3,119.994625,bf13f5077da18b8e9073ac58ee1a7924a0ee59b6f617f64aa4db8c2bedc4c706,20260819
586,586.mp3,1162019,audio/19/1162019.2min.mp3,119.994625,b093c11814893f7f42d11e7e7fd10e6d416ccfee45deed56267562e3b45dc7c8,20260819
587,587.mp3,1169716,audio/16/1169716.2min.mp3,119.994625,7340d7129cf19c68ce5183a3561d657a87985a0496da1eb73d3b8005ce0093a1,20260819
588,588.mp3,6728,audio/28/6728.2min.mp3,119.994625,a594fc768115e6994e36eff0e0343e926728c8caa5751be1230c45ff5c1b9623,20260819
589,589.mp3,537118,audio/18/537118.2min.mp3,119.994625,f549b2eafbf7c7dbac21d40533bd3534fadac77feccf1ed78ea7675175eef0b1,20260819
591,591.mp3,1051196,audio/96/1051196.2min.mp3,119.994625,7d9553ac982dd303d58c3f83549a676327265855287937158cca18796d5176be,20260819
592,592.mp3,537123,audio/23/537123.2min.mp3,119.994625,bacd1ef1a2f9b4ff1c34a8034faad4f707a4a6d396fc1cb49a6a226ce7bfb051,20260819
593,593.mp3,508495,audio/95/508495.2min.mp3,119.994625,5d1e3cb602bbb95c0237b711bdf1aac7c11d3746c53b268057ae0b16e5ec1f90,20260819
594,594.mp3,1169733,audio/33/1169733.2min.mp3,119.994625,bfe0c6640ff750dd57a3503415a2ce8e0f65db11589f0ce90cab47f4fa0ea69f,20260819
595,595.mp3,304772,audio/72/304772.2min.mp3,119.994625,d9a7201a1a3dff7c01170f2bb4a5138ddaaca89e249966664b679af698881bf8,20260819
597,597.mp3,243172,audio/72/243172.2min.mp3,119.994625,0349479b0b1e77fdd252a459fb844afd53c7c81d70b094c731e6144c6b9636ba,20260819
598,598.mp3,614902,audio/02/614902.2min.mp3,119.994625,de50e76a83484e6f6084f3b3c47e1272e45946ae857cb4c5cba9f81037d96ea6,20260819
600,600.mp3,305159,audio/59/305159.2min.mp3,100.812750,491b0f0bc2f39c79c6a13dec0da0457ffe0e1d2827c0cbd491e9fb0e48b5e81f,20260819
601,601.mp3,33836,audio/36/33836.2min.mp3,119.994625,1c339993b06a2c300c6aff8b9abb6f9e82213e9959524c15fa051ca415336452,20260819
603,603.mp3,1176716,audio/16/1176716.2min.mp3,119.994625,be082e82f1c6e4313c27feaff872e694fbe7e10af52f167fb8b0857b03dc015e,20260819
604,604.mp3,387516,audio/16/387516.2min.mp3,119.994625,08d24752da1c8546a4f178ab03d27a7b1dca0df5c23d60681a740386e89493c6,20260819
605,605.mp3,357365,audio/65/357365.2min.mp3,119.994625,8388d4826592fd4731b63dce3e6ebb9252da7c641333ebfd8d6cdf65a0cb5ad3,20260819
606,606.mp3,43990,audio/90/43990.2min.mp3,119.994625,d290c11e55577e34e78a67d51a67e658e919c16e256d7bebc34223cd596fa6c7,20260819
607,607.mp3,1194312,audio/12/1194312.2min.mp3,119.994625,947b0a32e7b6ae8de1886355724b7f4c2a48a7f362e4fe695a61c28ef23e8435,20260819
608,608.mp3,11773,audio/73/11773.2min.mp3,119.994625,fe472c977528ba7403f176d309651b8e8e98773307f7599bb4a69e02ade80bc4,20260819
610,610.mp3,25381,audio/81/25381.2min.mp3,119.994625,32201a45211fac260e7104082faf043337c368689fb394f881cb32a8c86e66fe,20260819
611,611.mp3,43984,audio/84/43984.2min.mp3,119.994625,9f89b65b7f2f929ae3d9afeed3fb301fef6c4c6db986f21b062b57b12b8b0287,20260819
612,612.mp3,667013,audio/13/667013.2min.mp3,119.994625,abd98e53998ce624ba3ffc6380f99fc34723ceb917fb54e326862214d04312a6,20260819
613,613.mp3,26431,audio/31/26431.2min.mp3,108.641250,f25c36de816cf7257e78fcca738f896158d1d9abb9db9ba7689e9f8b0e02a406,20260819
614,614.mp3,146588,audio/88/146588.2min.mp3,119.994625,498cbca81dd78a984b5fbaf0e61becb468c1fa693b0646e743b68fd55114cc6d,20260819
616,616.mp3,1353972,audio/72/1353972.2min.mp3,33.891375,1e6ab2b1c4561dd239fa264b8d565d58adb35f4d140da11583faa0b3d5e17e6d,20260819
617,617.mp3,35349,audio/49/35349.2min.mp3,119.994625,5f8ef3e0c5fd2b2cd65c2c4fc6c80e6538cbda39d6fd2f49fcb2d16ee06b45fa,20260819
618,618.mp3,5343,audio/43/5343.2min.mp3,119.994625,a5fe300b3e71349a13001b587dd983229c17659811a9c722fe35e894fb5654b9,20260819
619,619.mp3,1078393,audio/93/1078393.2min.mp3,119.994625,dec7ccd5a88a7005f0c25bcecd6a00d9a86c37c9db62cc84e6abe4cb1198273e,20260819
620,620.mp3,79524,audio/24/79524.2min.mp3,119.994625,961628a5a8cd0b315200e1459f881400d6036bb67492682dfac52ac61dbac85a,20260819
622,622.mp3,1336433,audio/33/1336433.2min.mp3,119.994625,76c6d3e3e909d20d829e9eb2ffbf948d5a0f0226161434d740d809fbc749caaa,20260819
624,624.mp3,1062831,audio/31/1062831.2min.mp3,119.989000,44241e10b6181acbe723ee6890e3ff399a7cbe99c456085cb5d4486838174300,20260819
625,625.mp3,305163,audio/63/305163.2min.mp3,119.994625,ed80b4830ccabb57f589bf14fcc612dd5cb0c2fe1bc54a41dbec95c3601e0cf4,20260819
627,627.mp3,1176657,audio/57/1176657.2min.mp3,119.906125,92102781233e5312ef107fc68238dd471d45ae6713fb0f907c84969052ae1e78,20260819
628,628.mp3,1162011,audio/11/1162011.2min.mp3,119.994625,5b1ea1f60ccc4b125d7b49589885614f99ecf545fc6cb796e81ecba364f209dc,20260819
629,629.mp3,145968,audio/68/145968.2min.mp3,119.994625,bce400f5e6ab8e56ff3ae4ecf3fba8e4735c0e9f725f1e5e370e17bf90ad1909,20260819
630,630.mp3,1051200,audio/00/1051200.2min.mp3,119.994625,6fd5efa93648c96e56bf0d65491cb36c38194f8ec9a8b32d89159d730efe5268,20260819
631,631.mp3,22063,audio/63/22063.2min.mp3,61.946125,57098935b47d6149c453f011d73f51bb7873f8401e3211cebe87d1d94689de9f,20260819
632,632.mp3,43983,audio/83/43983.2min.mp3,119.994625,d50feeaef698302b895d7fa2ad1deef5a381bb8354210a1e7022e26e4a67d928,20260819
633,633.mp3,635967,audio/67/635967.2min.mp3,119.994625,94cbde3f9a36c55346459bff955eb2fa9347669b1e58e6ba73836f2876949a3b,20260819
634,634.mp3,103333,audio/33/103333.2min.mp3,93.529000,d64e164fe52ea97aa051da89f923921562f09dfebae838d17d81fe75b03ef8bb,20260819
635,635.mp3,461017,audio/17/461017.2min.mp3,119.994625,2aeb244e1aaf9570fadc24bcca0d33dfda13832f4c88dde23925eef906e5ec4c,20260819
636,636.mp3,1119023,audio/23/1119023.2min.mp3,119.994625,061f1d2dcc6dd43b7b7494f0ed004fe21e80cd24c3ca061783c17b15ff2072ec,20260819
638,638.mp3,945206,audio/06/945206.2min.mp3,119.994625,ff319b42a5125fa8149d1e9fa35664f87adf1a074cac1e3dd18c9537df1a075c,20260819
639,639.mp3,1366203,audio/03/1366203.2min.mp3,119.994625,76e1234e9757894d395d132175c56f5a22d1ceec93a9a7c7db4cbab153abb11c,20260819
641,641.mp3,1388899,audio/99/1388899.2min.mp3,104.439375,fa673c7f7303b55846dd8293c7e76746c7b24d67d573c46fcf6503ce9f5a9f40,20260819
642,642.mp3,402056,audio/56/402056.2min.mp3,109.097875,0796435aca0243ad24a5011481a905798b076f76f690112502502935c0386941,20260819
645,645.mp3,599221,audio/21/599221.2min.mp3,119.994625,5f1867559a7e00ff43e58bc832cc3b2058b44d6449380e31c827da0bbe2e52da,20260819
646,646.mp3,1169720,audio/20/1169720.2min.mp3,119.994625,b029f4bf98b4e43d8381b4c617e2e35c244d80856d793bbd978d24a37a7a22ce,20260819
648,648.mp3,5346,audio/46/5346.2min.mp3,119.994625,b1fcdb085091dd635a74be63ee38b7fa7fc0a686fc6708c0af9c6385b258c997,20260819
649,649.mp3,1163322,audio/22/1163322.2min.mp3,119.994625,1611aa969bd88231926e718d5ff9c53e1388a7e80384672203f0c00520a78cf4,20260819
650,650.mp3,330650,audio/50/330650.2min.mp3,119.994625,f841e20d7bbb5f11ff68645080e87a5a027a11c47bcf96d8a43ad7c13918bc41,20260819
651,651.mp3,686756,audio/56/686756.2min.mp3,119.994625,5e30996a297a029e563cbd866ab278b8718625eafff5c93dccb2a2c8ae452dcb,20260819
652,652.mp3,43986,audio/86/43986.2min.mp3,119.994625,b00d0fa6165e0bc5794d59a785d81c467dc7f83e53f654f6dfbba7895acd566c,20260819
653,653.mp3,3112,audio/12/3112.2min.mp3,119.989000,e5739ff760e57a61fae04f62a3bdd1b8c06abeb01790756eb1fd191923eaedab,20260819
654,654.mp3,1178795,audio/95/1178795.2min.mp3,119.994625,c61c93f67e6fec7fd97a3759cbd66b035e2cb45935b35ff6d70c505a0ec8c7cd,20260819
655,655.mp3,1170729,audio/29/1170729.2min.mp3,119.994625,bf11783bc4193c5989f12e20a93a3e170245adec89aa2cf6a88ce40ba7b6f0db,20260819
656,656.mp3,305164,audio/64/305164.2min.mp3,102.772750,8bea22d82a6832bba7d5a8e2d61060079aa02468eafed519cc8ccd4e956d889f,20260819
657,657.mp3,1054342,audio/42/1054342.2min.mp3,119.994625,4c3c1673bd217c59a107a0e2f5094a99165e31b0849963f39be303f58f8fec3e,20260819
658,658.mp3,599226,audio/26/599226.2min.mp3,119.994625,9e60b9b7e1d2294a538487b6ac0eb36140e1066c7cfc4248f2029ce8eb7f1ef5,20260819
661,661.mp3,356420,audio/20/356420.2min.mp3,119.994625,267947949f8562a7f871353649573653a63d3cdfda163843d1bcaba9c50b5b00,20260819
662,662.mp3,1063332,audio/32/1063332.2min.mp3,119.994625,9f5e0c1b9e3ee17d253abe229a8be050d25a2d9a06f1bb00f3fa2bf3dd215413,20260819
663,663.mp3,43987,audio/87/43987.2min.mp3,119.994625,1b48f5d3cc819058c2c7013d3e074e14d0b5fba6b620ea6bc704eafacae46920,20260819
665,665.mp3,922941,audio/41/922941.2min.mp3,119.994625,9898b125190c304694ca6ab2b1c918d29018c20f89bac2e6ee2d893bac8c9b8b,20260819
666,666.mp3,1397143,audio/43/1397143.2min.mp3,119.994625,4398d814109f928033999cf6ab10f3e876763e9dfa29a7696900ed99029ca536,20260819
667,667.mp3,111962,audio/62/111962.2min.mp3,119.994625,48b21e3f7efc37e1bf6fb0895523e63899e4a59a259a5ff118d727098f8177a7,20260819
668,668.mp3,360978,audio/78/360978.2min.mp3,119.994625,8e5b720cd777ae6f43d1a6e24fad1edfdba34cba2fd5e1d284fa89ff61831934,20260819
671,671.mp3,976785,audio/85/976785.2min.mp3,119.994625,0ebf09cb021855f6987d3fe6bbf72f485bbcc77bbbcf182ce90c4876f2ef6700,20260819
677,677.mp3,103887,audio/87/103887.2min.mp3,119.994625,a439d6d2bac72d02c6a55ff6ed843b8e177afc684823e792d474e37b779a4e11,20260819
678,678.mp3,5089,audio/89/5089.2min.mp3,102.660750,5454f4185111d71b0364a156e983ce657c7b4ad5b4d618afe07873afc49fa5ce,20260819
679,679.mp3,510853,audio/53/510853.2min.mp3,119.994625,9bdccd295dcaaab5073f914882f6e08734cd375e6e415282a9441b66d8abce2e,20260819
684,684.mp3,391307,audio/07/391307.2min.mp3,119.989000,71a96d5fecc41eaa6bdededa8af332b6074c4bcaca7a56b3726849705ae42338,20260819
685,685.mp3,1188123,audio/23/1188123.2min.mp3,119.994625,9d242530224b9d0ae471d444de9bf2b740e5db759f99c530acca9c80d19759f2,20260819
688,688.mp3,6724,audio/24/6724.2min.mp3,119.994625,796dabcadcec3ee5ac8be92d6dbbd60f544d5f7c3c29ba35625a36b0fcb406a5,20260819
689,689.mp3,12301,audio/01/12301.2min.mp3,119.994625,3ebb263b2e84a3d199e04d6c6556f99d673bf49dce2ccbdd25033c161a06a685,20260819
690,690.mp3,378306,audio/06/378306.2min.mp3,119.994625,ed9ec35019f7fd9b14381a9c765811126fb998c4032e9c9a15301faa2ff5a856,20260819
691,691.mp3,437792,audio/92/437792.2min.mp3,119.994625,dd1664363cb7e779b1d477d588b2445d7b09b265a8c513cbef5aae4880e2ab81,20260819
692,692.mp3,1169719,audio/19/1169719.2min.mp3,119.994625,3ed4bfe1fcfc78d673f11df6a4d7b9d48596ebb0e64b9ca8678e18ad74e61bec,20260819
693,693.mp3,181452,audio/52/181452.2min.mp3,119.994625,4f0a8ec174f7b2f10ce51a74ce1f7d892227eb06e894481634521930e5a35f5e,20260819
695,695.mp3,7359,audio/59/7359.2min.mp3,119.994625,bb3c3a3b4f0295e97fa608961041b9d6cf1b1e6b17b16ec04a8efb35c930c4ef,20260819
696,696.mp3,38019,audio/19/38019.2min.mp3,119.994625,2b1653e2a73ab4dfab7d8f1795c3c995168ae64c238fbaf8ca2cacd0a4069adc,20260819
698,698.mp3,206578,audio/78/206578.2min.mp3,119.994625,000b98203c69b36c7c9f9c4966ef20cb81bd8171554225e2d0617cd37403fada,20260819
699,699.mp3,945197,audio/97/945197.2min.mp3,119.994625,cea525810f3ff0b36424627780ca1f7b97d77f9fe714d6179c30a73f9ff0e218,20260819
700,700.mp3,1357120,audio/20/1357120.2min.mp3,119.994625,07954c6efe167b958bbb55d573a1922dfad732e7babf458c126d9eb8adcd574c,20260819
701,701.mp3,461012,audio/12/461012.2min.mp3,119.994625,ba2783f84c3ee2e1b5b7cbacd2a3408540eb13e420adeb987445a27aeb650423,20260819
702,702.mp3,146587,audio/87/146587.2min.mp3,119.994625,7e251d52dffb5cdbb3c5d14ff0c6cf3c1fc0df754a13b5d20894c577554785b4,20260819
703,703.mp3,1269561,audio/61/1269561.2min.mp3,116.233500,14dff2e84761ada3acb17935766f7bbba1b33d9848cd5e255d7edd2fe628daa4,20260819
704,704.mp3,1163315,audio/15/1163315.2min.mp3,119.994625,128c9ba7050771b729018d6996fc3cbd0e8c3636f7257c974f703bf8187700d7,20260819
705,705.mp3,1033253,audio/53/1033253.2min.mp3,119.994625,f60c4d23b7659985d2c4e3960b6028b55636e9e820c2b8911950146a49be974e,20260819
706,706.mp3,1119018,audio/18/1119018.2min.mp3,119.994625,6457d6b8792c508fd69bfa5f947e571f805373f9415ce5cbb8beba92b7e1a97f,20260819
